-- phpMyAdmin SQL Dump
-- version 5.0.4
-- https://www.phpmyadmin.net/
--
-- Host: 127.0.0.1
-- Generation Time: Feb 01, 2021 at 02:55 PM
-- Server version: 10.4.17-MariaDB
-- PHP Version: 7.4.13

SET SQL_MODE = "NO_AUTO_VALUE_ON_ZERO";
START TRANSACTION;
SET time_zone = "+00:00";


/*!40101 SET @OLD_CHARACTER_SET_CLIENT=@@CHARACTER_SET_CLIENT */;
/*!40101 SET @OLD_CHARACTER_SET_RESULTS=@@CHARACTER_SET_RESULTS */;
/*!40101 SET @OLD_COLLATION_CONNECTION=@@COLLATION_CONNECTION */;
/*!40101 SET NAMES utf8mb4 */;

--
-- Database: `gsbfrais`
--

-- --------------------------------------------------------

--
-- Table structure for table `comptable`
--

CREATE TABLE `comptable` (
  `id` int(11) NOT NULL,
  `prenom` varchar(255) NOT NULL,
  `nom` varchar(255) NOT NULL,
  `email` varchar(255) NOT NULL,
  `password` varchar(255) NOT NULL
) ENGINE=InnoDB DEFAULT CHARSET=utf8;

--
-- Dumping data for table `comptable`
--

INSERT INTO `comptable` (`id`, `prenom`, `nom`, `email`, `password`) VALUES
(1, 'jon', 'rou', 'jon@aa.fr', '$2y$10$rwipV/VoG9ox33bnjwglh.8OPIbQmfjDVxlaSr9dhBMK2c1OUv5am'),
(2, 'aa', 'aa', 'aa@aa.fr', '$2y$10$VwNiF9osJB2EjFr2R.lPOu9F50TTS0FeJuYTm31.p6h6coezUpk6m'),
(3, 'jonathan', 'rougier', 'jonathan@rougier.fr', '$2y$10$pMWxxqvn4f17xnvWtf4hZOpjcGGWCg18pDRlNHJZfuvXyWncQi/.K');

-- --------------------------------------------------------

--
-- Table structure for table `etat`
--

CREATE TABLE `etat` (
  `id` char(2) NOT NULL,
  `libelle` varchar(30) DEFAULT NULL
) ENGINE=InnoDB DEFAULT CHARSET=latin1;

--
-- Dumping data for table `etat`
--

INSERT INTO `etat` (`id`, `libelle`) VALUES
('CL', 'Saisie clôturée'),
('CR', 'Fiche créée, saisie en cours'),
('RB', 'Remboursée'),
('VA', 'Validée et mise en paiement');

-- --------------------------------------------------------

--
-- Table structure for table `fichefrais`
--

CREATE TABLE `fichefrais` (
  `idVisiteur` char(4) NOT NULL,
  `mois` char(6) NOT NULL,
  `nbJustificatifs` int(11) DEFAULT NULL,
  `montantValide` decimal(10,2) DEFAULT NULL,
  `dateModif` date DEFAULT NULL,
  `idEtat` char(2) DEFAULT 'CR'
) ENGINE=InnoDB DEFAULT CHARSET=latin1;

--
-- Dumping data for table `fichefrais`
--

INSERT INTO `fichefrais` (`idVisiteur`, `mois`, `nbJustificatifs`, `montantValide`, `dateModif`, `idEtat`) VALUES
('a131', '201701', 9, '3929.72', '2017-03-04', 'RB'),
('a131', '201702', 4, '2428.21', '2017-04-04', 'RB'),
('a131', '201703', 11, '2787.94', '2017-05-06', 'RB'),
('a131', '201704', 7, '1795.48', '2017-06-02', 'RB'),
('a131', '201705', 12, '2630.87', '2017-07-07', 'RB'),
('a131', '201706', 10, '2745.32', '2017-08-05', 'RB'),
('a131', '201707', 6, '2549.33', '2017-09-08', 'RB'),
('a131', '201708', 2, '3143.07', '2017-10-02', 'RB'),
('a131', '201709', 3, '3489.07', '2017-11-05', 'RB'),
('a131', '201710', 5, '3425.51', '2017-12-04', 'RB'),
('a131', '201711', 10, '3116.76', '2018-01-06', 'RB'),
('a131', '201712', 6, '1614.64', '2018-02-01', 'RB'),
('a131', '201801', 11, '2637.15', '2018-03-08', 'RB'),
('a131', '201802', 3, '2635.81', '2018-04-03', 'RB'),
('a131', '201803', 12, '3258.93', '2018-05-02', 'RB'),
('a131', '201804', 10, '3040.20', '2018-06-08', 'RB'),
('a131', '201805', 12, '2959.55', '2018-07-02', 'RB'),
('a131', '201806', 9, '2015.45', '2018-08-03', 'RB'),
('a131', '201807', 3, '3842.60', '2018-09-06', 'RB'),
('a131', '201808', 3, '3329.61', '2018-09-02', 'VA'),
('a131', '201809', 10, '0.00', '2018-09-05', 'CR'),
('a17', '201701', 11, '2207.92', '2017-03-01', 'RB'),
('a17', '201702', 12, '3669.79', '2017-04-02', 'RB'),
('a17', '201703', 7, '2974.16', '2017-05-07', 'RB'),
('a17', '201704', 9, '1123.14', '2017-06-07', 'RB'),
('a17', '201705', 6, '3943.13', '2017-07-04', 'RB'),
('a17', '201706', 11, '2811.11', '2017-08-05', 'RB'),
('a17', '201707', 4, '2616.36', '2017-09-03', 'RB'),
('a17', '201708', 11, '1880.27', '2017-10-04', 'RB'),
('a17', '201709', 3, '2713.30', '2017-11-02', 'RB'),
('a17', '201710', 7, '3010.89', '2017-12-08', 'RB'),
('a17', '201711', 12, '2181.65', '2018-01-03', 'RB'),
('a17', '201712', 5, '3220.34', '2018-02-02', 'RB'),
('a17', '201801', 7, '2134.23', '2018-03-05', 'RB'),
('a17', '201802', 3, '3561.40', '2018-04-06', 'RB'),
('a17', '201803', 8, '3723.51', '2018-05-01', 'RB'),
('a17', '201804', 7, '2514.52', '2018-06-05', 'RB'),
('a17', '201805', 6, '3555.57', '2018-07-05', 'RB'),
('a17', '201806', 3, '2237.44', '2018-08-02', 'RB'),
('a17', '201807', 9, '3219.10', '2018-09-05', 'RB'),
('a17', '201808', 8, '2483.95', '2018-09-05', 'VA'),
('a17', '201809', 6, '0.00', '2018-09-07', 'CR'),
('a55', '201701', 4, '1857.06', '2017-03-04', 'RB'),
('a55', '201702', 4, '2591.77', '2017-04-06', 'RB'),
('a55', '201703', 4, '1079.53', '2017-05-06', 'RB'),
('a55', '201704', 5, '1625.08', '2017-06-06', 'RB'),
('a55', '201705', 4, '2789.76', '2017-07-07', 'RB'),
('a55', '201706', 8, '1477.12', '2017-08-03', 'RB'),
('a55', '201707', 1, '1918.16', '2017-09-02', 'RB'),
('a55', '201708', 10, '3832.53', '2017-10-07', 'RB'),
('a55', '201709', 2, '2922.57', '2017-11-08', 'RB'),
('a55', '201710', 11, '2967.78', '2017-12-01', 'RB'),
('a55', '201711', 5, '2784.65', '2018-01-05', 'RB'),
('a55', '201712', 9, '1038.13', '2018-02-02', 'RB'),
('a55', '201801', 3, '2794.63', '2018-03-01', 'RB'),
('a55', '201802', 4, '1686.33', '2018-04-01', 'RB'),
('a55', '201803', 6, '2702.42', '2018-05-08', 'RB'),
('a55', '201804', 6, '2583.54', '2018-06-08', 'RB'),
('a55', '201805', 8, '1815.16', '2018-07-03', 'RB'),
('a55', '201806', 3, '2539.43', '2018-08-06', 'RB'),
('a55', '201807', 8, '2609.80', '2018-09-07', 'RB'),
('a55', '201808', 4, '4063.70', '2018-09-04', 'VA'),
('a55', '201809', 9, '0.00', '2018-09-02', 'CR'),
('a93', '201701', 7, '2439.25', '2017-03-05', 'RB'),
('a93', '201702', 1, '2412.61', '2017-04-08', 'RB'),
('a93', '201703', 8, '2186.28', '2017-05-04', 'RB'),
('a93', '201704', 7, '1897.63', '2017-06-06', 'RB'),
('a93', '201705', 8, '2814.72', '2017-07-07', 'RB'),
('a93', '201706', 4, '3045.38', '2017-08-03', 'RB'),
('a93', '201707', 11, '2774.47', '2017-09-05', 'RB'),
('a93', '201708', 5, '1919.46', '2017-10-05', 'RB'),
('a93', '201709', 10, '1459.63', '2017-11-07', 'RB'),
('a93', '201710', 3, '3235.88', '2017-12-02', 'RB'),
('a93', '201711', 10, '2772.76', '2018-01-05', 'RB'),
('a93', '201712', 8, '1826.84', '2018-02-01', 'RB'),
('a93', '201801', 4, '2816.64', '2018-03-07', 'RB'),
('a93', '201802', 0, '1847.21', '2018-04-08', 'RB'),
('a93', '201803', 8, '2485.20', '2018-05-05', 'RB'),
('a93', '201804', 4, '2910.25', '2018-06-03', 'RB'),
('a93', '201805', 5, '1928.02', '2018-07-08', 'RB'),
('a93', '201806', 12, '2536.49', '2018-08-05', 'RB'),
('a93', '201807', 10, '3790.69', '2018-09-07', 'RB'),
('a93', '201808', 10, '3256.70', '2018-09-07', 'VA'),
('a93', '201809', 5, '0.00', '2018-09-04', 'CR'),
('b13', '201701', 10, '2679.81', '2017-03-03', 'RB'),
('b13', '201702', 8, '3724.83', '2017-04-03', 'RB'),
('b13', '201703', 11, '2372.01', '2017-05-04', 'RB'),
('b13', '201704', 4, '3495.54', '2017-06-01', 'RB'),
('b13', '201705', 4, '1519.09', '2017-07-06', 'RB'),
('b13', '201706', 0, '2112.17', '2017-08-08', 'RB'),
('b13', '201707', 7, '2223.27', '2017-09-02', 'RB'),
('b13', '201708', 10, '1826.30', '2017-10-08', 'RB'),
('b13', '201709', 7, '2222.56', '2017-11-03', 'RB'),
('b13', '201710', 3, '1355.59', '2017-12-01', 'RB'),
('b13', '201711', 9, '2394.66', '2018-01-01', 'RB'),
('b13', '201712', 9, '2783.75', '2018-02-03', 'RB'),
('b13', '201801', 12, '3175.43', '2018-03-02', 'RB'),
('b13', '201802', 8, '1850.35', '2018-04-08', 'RB'),
('b13', '201803', 7, '2878.64', '2018-05-05', 'RB'),
('b13', '201804', 3, '2410.13', '2018-06-05', 'RB'),
('b13', '201805', 6, '2920.61', '2018-07-06', 'RB'),
('b13', '201806', 4, '1512.38', '2018-08-05', 'RB'),
('b13', '201807', 3, '3561.89', '2018-09-06', 'RB'),
('b13', '201808', 11, '1827.06', '2018-09-07', 'VA'),
('b13', '201809', 8, '0.00', '2018-09-01', 'CR'),
('b16', '201701', 6, '1534.99', '2017-03-04', 'RB'),
('b16', '201702', 0, '2643.09', '2017-04-02', 'RB'),
('b16', '201703', 4, '3592.77', '2017-05-05', 'RB'),
('b16', '201704', 3, '2934.85', '2017-06-07', 'RB'),
('b16', '201705', 5, '3453.45', '2017-07-03', 'RB'),
('b16', '201706', 5, '3595.88', '2017-08-07', 'RB'),
('b16', '201707', 4, '2240.29', '2017-09-07', 'RB'),
('b16', '201708', 10, '2087.82', '2017-10-01', 'RB'),
('b16', '201709', 3, '3627.97', '2017-11-01', 'RB'),
('b16', '201710', 4, '1767.39', '2017-12-02', 'RB'),
('b16', '201711', 11, '1225.33', '2018-01-03', 'RB'),
('b16', '201712', 6, '1348.98', '2018-02-03', 'RB'),
('b16', '201801', 4, '2536.68', '2018-03-03', 'RB'),
('b16', '201802', 0, '2630.44', '2018-04-07', 'RB'),
('b16', '201803', 4, '1715.82', '2018-05-02', 'RB'),
('b16', '201804', 6, '2979.40', '2018-06-07', 'RB'),
('b16', '201805', 11, '1891.31', '2018-07-08', 'RB'),
('b16', '201806', 10, '3309.19', '2018-08-06', 'RB'),
('b16', '201807', 10, '1919.03', '2018-09-07', 'RB'),
('b16', '201808', 3, '2521.32', '2018-09-06', 'VA'),
('b16', '201809', 2, '0.00', '2018-09-04', 'CR'),
('b19', '201701', 4, '2126.75', '2017-03-02', 'RB'),
('b19', '201702', 8, '2978.93', '2017-04-05', 'RB'),
('b19', '201703', 1, '2761.10', '2017-05-04', 'RB'),
('b19', '201704', 6, '2068.91', '2017-06-01', 'RB'),
('b19', '201705', 2, '1422.75', '2017-07-06', 'RB'),
('b19', '201706', 6, '1669.77', '2017-08-07', 'RB'),
('b19', '201707', 8, '2595.60', '2017-09-04', 'RB'),
('b19', '201708', 3, '2204.33', '2017-10-02', 'RB'),
('b19', '201709', 9, '2964.82', '2017-11-07', 'RB'),
('b19', '201710', 0, '2006.26', '2017-12-08', 'RB'),
('b19', '201711', 5, '2126.43', '2018-01-01', 'RB'),
('b19', '201712', 5, '2989.65', '2018-02-03', 'RB'),
('b19', '201801', 1, '1282.52', '2018-03-05', 'RB'),
('b19', '201802', 7, '1549.77', '2018-04-01', 'RB'),
('b19', '201803', 10, '3319.82', '2018-05-05', 'RB'),
('b19', '201804', 1, '2530.19', '2018-06-05', 'RB'),
('b19', '201805', 9, '4133.83', '2018-07-03', 'RB'),
('b19', '201806', 4, '2953.66', '2018-08-04', 'RB'),
('b19', '201807', 11, '2672.49', '2018-09-02', 'RB'),
('b19', '201808', 9, '3584.58', '2018-09-02', 'VA'),
('b19', '201809', 8, '0.00', '2018-09-03', 'CR'),
('b25', '201701', 9, '1887.76', '2017-03-07', 'RB'),
('b25', '201702', 12, '1106.73', '2017-04-01', 'RB'),
('b25', '201703', 3, '1948.05', '2017-05-05', 'RB'),
('b25', '201704', 9, '1858.22', '2017-06-08', 'RB'),
('b25', '201705', 9, '2505.92', '2017-07-05', 'RB'),
('b25', '201706', 4, '1754.76', '2017-08-08', 'RB'),
('b25', '201707', 4, '1806.45', '2017-09-05', 'RB'),
('b25', '201708', 8, '1919.08', '2017-10-05', 'RB'),
('b25', '201709', 8, '3158.18', '2017-11-07', 'RB'),
('b25', '201710', 1, '2439.37', '2017-12-01', 'RB'),
('b25', '201711', 10, '2510.26', '2018-01-02', 'RB'),
('b25', '201712', 7, '3040.85', '2018-02-06', 'RB'),
('b25', '201801', 7, '3181.18', '2018-03-07', 'RB'),
('b25', '201802', 6, '3754.28', '2018-04-05', 'RB'),
('b25', '201803', 0, '1732.75', '2018-05-04', 'RB'),
('b25', '201804', 10, '1836.39', '2018-06-03', 'RB'),
('b25', '201805', 11, '1443.88', '2018-07-05', 'RB'),
('b25', '201806', 11, '1462.78', '2018-08-08', 'RB'),
('b25', '201807', 3, '3214.23', '2018-09-08', 'RB'),
('b25', '201808', 7, '2895.66', '2018-09-07', 'VA'),
('b25', '201809', 9, '0.00', '2018-09-06', 'CR'),
('b28', '201701', 8, '1751.79', '2017-03-06', 'RB'),
('b28', '201702', 4, '1064.41', '2017-04-04', 'RB'),
('b28', '201703', 3, '2088.40', '2017-05-07', 'RB'),
('b28', '201704', 2, '2543.40', '2017-06-02', 'RB'),
('b28', '201705', 9, '1760.77', '2017-07-03', 'RB'),
('b28', '201706', 11, '2843.40', '2017-08-07', 'RB'),
('b28', '201707', 5, '1335.44', '2017-09-02', 'RB'),
('b28', '201708', 8, '2637.34', '2017-10-02', 'RB'),
('b28', '201709', 3, '2513.46', '2017-11-08', 'RB'),
('b28', '201710', 1, '3036.35', '2017-12-04', 'RB'),
('b28', '201711', 9, '1769.13', '2018-01-05', 'RB'),
('b28', '201712', 5, '3691.78', '2018-02-04', 'RB'),
('b28', '201801', 7, '2936.17', '2018-03-06', 'RB'),
('b28', '201802', 1, '2224.51', '2018-04-04', 'RB'),
('b28', '201803', 5, '1485.80', '2018-05-02', 'RB'),
('b28', '201804', 7, '2658.97', '2018-06-03', 'RB'),
('b28', '201805', 12, '2775.49', '2018-07-06', 'RB'),
('b28', '201806', 3, '1773.09', '2018-08-02', 'RB'),
('b28', '201807', 9, '2840.97', '2018-09-03', 'RB'),
('b28', '201808', 5, '2949.90', '2018-09-08', 'VA'),
('b28', '201809', 7, '0.00', '2018-09-04', 'CR'),
('b34', '201701', 8, '3426.23', '2017-03-07', 'RB'),
('b34', '201702', 8, '2855.60', '2017-04-03', 'RB'),
('b34', '201703', 4, '2251.90', '2017-05-03', 'RB'),
('b34', '201704', 0, '2686.53', '2017-06-02', 'RB'),
('b34', '201705', 1, '1501.73', '2017-07-02', 'RB'),
('b34', '201706', 10, '3059.96', '2017-08-04', 'RB'),
('b34', '201707', 9, '2562.17', '2017-09-05', 'RB'),
('b34', '201708', 2, '3731.44', '2017-10-03', 'RB'),
('b34', '201709', 4, '2317.80', '2017-11-03', 'RB'),
('b34', '201710', 2, '2207.10', '2017-12-02', 'RB'),
('b34', '201711', 6, '1282.88', '2018-01-07', 'RB'),
('b34', '201712', 3, '2861.15', '2018-02-02', 'RB'),
('b34', '201801', 6, '2983.14', '2018-03-05', 'RB'),
('b34', '201802', 2, '972.95', '2018-04-07', 'RB'),
('b34', '201803', 11, '3866.81', '2018-05-02', 'RB'),
('b34', '201804', 5, '1824.94', '2018-06-01', 'RB'),
('b34', '201805', 10, '3490.78', '2018-07-02', 'RB'),
('b34', '201806', 12, '1292.28', '2018-08-05', 'RB'),
('b34', '201807', 0, '3253.02', '2018-09-08', 'RB'),
('b34', '201808', 0, '2901.65', '2018-09-02', 'VA'),
('b34', '201809', 8, '0.00', '2018-09-03', 'CR'),
('b4', '201701', 0, '1926.44', '2017-03-07', 'RB'),
('b4', '201702', 2, '3535.77', '2017-04-02', 'RB'),
('b4', '201703', 1, '1941.80', '2017-05-02', 'RB'),
('b4', '201704', 5, '1926.30', '2017-06-02', 'RB'),
('b4', '201705', 0, '3426.86', '2017-07-06', 'RB'),
('b4', '201706', 10, '3751.96', '2017-08-03', 'RB'),
('b4', '201707', 9, '2321.52', '2017-09-08', 'RB'),
('b4', '201708', 12, '2688.08', '2017-10-05', 'RB'),
('b4', '201709', 6, '2949.82', '2017-11-08', 'RB'),
('b4', '201710', 12, '1848.98', '2017-12-08', 'RB'),
('b4', '201711', 3, '2830.18', '2018-01-01', 'RB'),
('b4', '201712', 6, '2727.07', '2018-02-05', 'RB'),
('b4', '201801', 6, '1185.55', '2018-03-05', 'RB'),
('b4', '201802', 10, '3126.32', '2018-04-04', 'RB'),
('b4', '201803', 1, '2307.72', '2018-05-08', 'RB'),
('b4', '201804', 5, '1304.69', '2018-06-05', 'RB'),
('b4', '201805', 6, '3109.14', '2018-07-01', 'RB'),
('b4', '201806', 8, '4070.27', '2018-08-08', 'RB'),
('b4', '201807', 6, '3266.00', '2018-09-05', 'RB'),
('b4', '201808', 12, '1374.88', '2018-09-07', 'VA'),
('b4', '201809', 7, '0.00', '2018-09-04', 'CR'),
('b50', '201701', 3, '3879.63', '2017-03-03', 'RB'),
('b50', '201702', 3, '1968.85', '2017-04-07', 'RB'),
('b50', '201703', 12, '1131.68', '2017-05-02', 'RB'),
('b50', '201704', 0, '3138.57', '2017-06-08', 'RB'),
('b50', '201705', 6, '1473.10', '2017-07-07', 'RB'),
('b50', '201706', 0, '2038.46', '2017-08-03', 'RB'),
('b50', '201707', 0, '1572.10', '2017-09-02', 'RB'),
('b50', '201708', 2, '2660.24', '2017-10-06', 'RB'),
('b50', '201709', 4, '2230.29', '2017-11-05', 'RB'),
('b50', '201710', 12, '3241.27', '2017-12-07', 'RB'),
('b50', '201711', 5, '3340.78', '2018-01-06', 'RB'),
('b50', '201712', 1, '3263.35', '2018-02-04', 'RB'),
('b50', '201801', 12, '2664.41', '2018-03-06', 'RB'),
('b50', '201802', 3, '1859.96', '2018-04-05', 'RB'),
('b50', '201803', 2, '2146.71', '2018-05-05', 'RB'),
('b50', '201804', 1, '2492.78', '2018-06-06', 'RB'),
('b50', '201805', 9, '1938.62', '2018-07-05', 'RB'),
('b50', '201806', 2, '3109.61', '2018-08-07', 'RB'),
('b50', '201807', 9, '3607.07', '2018-09-03', 'RB'),
('b50', '201808', 4, '1960.32', '2018-09-04', 'VA'),
('b50', '201809', 10, '0.00', '2018-09-03', 'CR'),
('b59', '201701', 2, '2837.44', '2017-03-02', 'RB'),
('b59', '201702', 1, '1689.34', '2017-04-05', 'RB'),
('b59', '201703', 11, '2348.23', '2017-05-05', 'RB'),
('b59', '201704', 9, '3059.18', '2017-06-04', 'RB'),
('b59', '201705', 12, '3307.62', '2017-07-04', 'RB'),
('b59', '201706', 2, '1501.97', '2017-08-08', 'RB'),
('b59', '201707', 8, '2097.75', '2017-09-07', 'RB'),
('b59', '201708', 7, '3216.27', '2017-10-07', 'RB'),
('b59', '201709', 0, '1989.78', '2017-11-03', 'RB'),
('b59', '201710', 7, '4022.86', '2017-12-03', 'RB'),
('b59', '201711', 4, '3199.14', '2018-01-07', 'RB'),
('b59', '201712', 4, '2306.78', '2018-02-02', 'RB'),
('b59', '201801', 7, '2917.43', '2018-03-01', 'RB'),
('b59', '201802', 7, '3271.42', '2018-04-07', 'RB'),
('b59', '201803', 2, '3428.12', '2018-05-07', 'RB'),
('b59', '201804', 4, '2521.61', '2018-06-07', 'RB'),
('b59', '201805', 12, '2217.00', '2018-07-08', 'RB'),
('b59', '201806', 4, '2133.38', '2018-08-06', 'RB'),
('b59', '201807', 5, '2246.42', '2018-09-01', 'RB'),
('b59', '201808', 10, '2666.31', '2018-09-01', 'VA'),
('b59', '201809', 4, '0.00', '2018-09-01', 'CR'),
('c14', '201701', 0, '3152.48', '2017-03-06', 'RB'),
('c14', '201702', 7, '3514.80', '2017-04-04', 'RB'),
('c14', '201703', 1, '2317.20', '2017-05-07', 'RB'),
('c14', '201704', 10, '1674.67', '2017-06-04', 'RB'),
('c14', '201705', 4, '3074.12', '2017-07-08', 'RB'),
('c14', '201706', 9, '2377.86', '2017-08-03', 'RB'),
('c14', '201707', 3, '4374.00', '2017-09-03', 'RB'),
('c14', '201708', 10, '2318.90', '2017-10-07', 'RB'),
('c14', '201709', 1, '2117.16', '2017-11-06', 'RB'),
('c14', '201710', 12, '2485.89', '2017-12-05', 'RB'),
('c14', '201711', 6, '2755.81', '2018-01-04', 'RB'),
('c14', '201712', 6, '1484.98', '2018-02-06', 'RB'),
('c14', '201801', 7, '1982.01', '2018-03-03', 'RB'),
('c14', '201802', 5, '1689.72', '2018-04-04', 'RB'),
('c14', '201803', 0, '1645.47', '2018-05-05', 'RB'),
('c14', '201804', 0, '2592.73', '2018-06-02', 'RB'),
('c14', '201805', 0, '1941.13', '2018-07-01', 'RB'),
('c14', '201806', 5, '2805.72', '2018-08-03', 'RB'),
('c14', '201807', 2, '2656.47', '2018-09-07', 'RB'),
('c14', '201808', 10, '2315.95', '2018-09-06', 'VA'),
('c14', '201809', 8, '0.00', '2018-09-08', 'CR'),
('c3', '201701', 3, '1640.99', '2017-03-08', 'RB'),
('c3', '201702', 9, '4458.14', '2017-04-01', 'RB'),
('c3', '201703', 3, '2086.29', '2017-05-05', 'RB'),
('c3', '201704', 0, '2720.28', '2017-06-07', 'RB'),
('c3', '201705', 8, '2426.46', '2017-07-05', 'RB'),
('c3', '201706', 5, '2771.26', '2017-08-03', 'RB'),
('c3', '201707', 1, '2355.66', '2017-09-03', 'RB'),
('c3', '201708', 6, '2419.52', '2017-10-06', 'RB'),
('c3', '201709', 2, '2472.35', '2017-11-01', 'RB'),
('c3', '201710', 5, '3020.54', '2017-12-07', 'RB'),
('c3', '201711', 8, '2565.85', '2018-01-03', 'RB'),
('c3', '201712', 10, '1319.83', '2018-02-08', 'RB'),
('c3', '201801', 1, '2458.28', '2018-03-08', 'RB'),
('c3', '201802', 10, '1695.99', '2018-04-08', 'RB'),
('c3', '201803', 3, '2575.62', '2018-05-06', 'RB'),
('c3', '201804', 2, '2075.91', '2018-06-08', 'RB'),
('c3', '201805', 8, '2545.03', '2018-07-03', 'RB'),
('c3', '201806', 12, '3014.40', '2018-08-07', 'RB'),
('c3', '201807', 2, '3424.18', '2018-09-05', 'RB'),
('c3', '201808', 11, '3599.48', '2018-09-07', 'VA'),
('c3', '201809', 2, '0.00', '2018-09-04', 'CR'),
('c54', '201701', 12, '1759.45', '2017-03-07', 'RB'),
('c54', '201702', 10, '1735.46', '2017-04-08', 'RB'),
('c54', '201703', 5, '1719.14', '2017-05-07', 'RB'),
('c54', '201704', 1, '2047.23', '2017-06-03', 'RB'),
('c54', '201705', 8, '1889.71', '2017-07-03', 'RB'),
('c54', '201706', 2, '3005.10', '2017-08-03', 'RB'),
('c54', '201707', 10, '1736.37', '2017-09-02', 'RB'),
('c54', '201708', 10, '1579.30', '2017-10-03', 'RB'),
('c54', '201709', 8, '2352.76', '2017-11-07', 'RB'),
('c54', '201710', 6, '3826.07', '2017-12-04', 'RB'),
('c54', '201711', 3, '1402.07', '2018-01-06', 'RB'),
('c54', '201712', 0, '1170.69', '2018-02-02', 'RB'),
('c54', '201801', 3, '3270.68', '2018-03-04', 'RB'),
('c54', '201802', 11, '2993.38', '2018-04-06', 'RB'),
('c54', '201803', 11, '2448.75', '2018-05-05', 'RB'),
('c54', '201804', 0, '3223.70', '2018-06-02', 'RB'),
('c54', '201805', 8, '1823.13', '2018-07-04', 'RB'),
('c54', '201806', 9, '2100.91', '2018-08-01', 'RB'),
('c54', '201807', 11, '3401.73', '2018-09-08', 'RB'),
('c54', '201808', 0, '2937.64', '2018-09-05', 'VA'),
('c54', '201809', 2, '0.00', '2018-09-02', 'CR'),
('d13', '201701', 12, '2366.53', '2017-03-05', 'RB'),
('d13', '201702', 11, '1216.46', '2017-04-04', 'RB'),
('d13', '201703', 6, '2722.68', '2017-05-03', 'RB'),
('d13', '201704', 11, '2972.96', '2017-06-06', 'RB'),
('d13', '201705', 10, '2257.07', '2017-07-06', 'RB'),
('d13', '201706', 7, '1303.01', '2017-08-01', 'RB'),
('d13', '201707', 2, '2155.57', '2017-09-06', 'RB'),
('d13', '201708', 3, '1421.46', '2017-10-05', 'RB'),
('d13', '201709', 7, '2664.52', '2017-11-01', 'RB'),
('d13', '201710', 5, '1859.69', '2017-12-03', 'RB'),
('d13', '201711', 6, '2421.60', '2018-01-06', 'RB'),
('d13', '201712', 4, '2063.00', '2018-02-03', 'RB'),
('d13', '201801', 9, '3178.32', '2018-03-01', 'RB'),
('d13', '201802', 7, '2327.23', '2018-04-05', 'RB'),
('d13', '201803', 8, '2096.29', '2018-05-03', 'RB'),
('d13', '201804', 5, '2142.01', '2018-06-01', 'RB'),
('d13', '201805', 4, '2803.38', '2018-07-08', 'RB'),
('d13', '201806', 4, '1512.14', '2018-08-08', 'RB'),
('d13', '201807', 0, '1886.63', '2018-09-01', 'RB'),
('d13', '201808', 8, '1602.90', '2018-09-02', 'VA'),
('d13', '201809', 9, '0.00', '2018-09-08', 'CR'),
('d51', '201701', 6, '3129.45', '2017-03-01', 'RB'),
('d51', '201702', 7, '2975.55', '2017-04-01', 'RB'),
('d51', '201703', 8, '1219.37', '2017-05-07', 'RB'),
('d51', '201704', 3, '2615.07', '2017-06-06', 'RB'),
('d51', '201705', 10, '2713.13', '2017-07-03', 'RB'),
('d51', '201706', 0, '4106.34', '2017-08-01', 'RB'),
('d51', '201707', 9, '3404.15', '2017-09-07', 'RB'),
('d51', '201708', 5, '2752.64', '2017-10-04', 'RB'),
('d51', '201709', 5, '3249.86', '2017-11-08', 'RB'),
('d51', '201710', 3, '2891.32', '2017-12-02', 'RB'),
('d51', '201711', 8, '3116.77', '2018-01-02', 'RB'),
('d51', '201712', 12, '2780.40', '2018-02-04', 'RB'),
('d51', '201801', 6, '1470.90', '2018-03-02', 'RB'),
('d51', '201802', 5, '1939.82', '2018-04-05', 'RB'),
('d51', '201803', 7, '2717.48', '2018-05-03', 'RB'),
('d51', '201804', 2, '2189.78', '2018-06-07', 'RB'),
('d51', '201805', 2, '3772.48', '2018-07-02', 'RB'),
('d51', '201806', 12, '3170.59', '2018-08-06', 'RB'),
('d51', '201807', 12, '3121.29', '2018-09-03', 'RB'),
('d51', '201808', 3, '2344.32', '2018-09-01', 'VA'),
('d51', '201809', 12, '0.00', '2018-09-03', 'CR'),
('e22', '201701', 8, '2770.44', '2017-03-03', 'RB'),
('e22', '201702', 0, '2958.87', '2017-04-01', 'RB'),
('e22', '201703', 3, '3523.90', '2017-05-03', 'RB'),
('e22', '201704', 1, '2892.13', '2017-06-06', 'RB'),
('e22', '201705', 8, '3149.61', '2017-07-07', 'RB'),
('e22', '201706', 1, '2434.96', '2017-08-06', 'RB'),
('e22', '201707', 7, '3491.86', '2017-09-04', 'RB'),
('e22', '201708', 9, '1776.06', '2017-10-03', 'RB'),
('e22', '201709', 7, '1333.36', '2017-11-02', 'RB'),
('e22', '201710', 1, '2838.37', '2017-12-03', 'RB'),
('e22', '201711', 5, '2654.42', '2018-01-04', 'RB'),
('e22', '201712', 12, '1857.91', '2018-02-01', 'RB'),
('e22', '201801', 8, '2751.34', '2018-03-04', 'RB'),
('e22', '201802', 4, '3106.52', '2018-04-02', 'RB'),
('e22', '201803', 0, '3681.54', '2018-05-05', 'RB'),
('e22', '201804', 0, '2401.04', '2018-06-02', 'RB'),
('e22', '201805', 1, '2478.50', '2018-07-08', 'RB'),
('e22', '201806', 0, '2442.24', '2018-08-06', 'RB'),
('e22', '201807', 8, '3002.67', '2018-09-01', 'RB'),
('e22', '201808', 2, '1669.52', '2018-09-01', 'VA'),
('e22', '201809', 2, '0.00', '2018-09-08', 'CR'),
('e24', '201701', 7, '1860.90', '2017-03-01', 'RB'),
('e24', '201702', 3, '2748.82', '2017-04-01', 'RB'),
('e24', '201703', 4, '1367.20', '2017-05-03', 'RB'),
('e24', '201704', 10, '1825.06', '2017-06-08', 'RB'),
('e24', '201705', 12, '2210.88', '2017-07-07', 'RB'),
('e24', '201706', 6, '1039.60', '2017-08-05', 'RB'),
('e24', '201707', 4, '2730.28', '2017-09-03', 'RB'),
('e24', '201708', 3, '1634.04', '2017-10-05', 'RB'),
('e24', '201709', 4, '1798.48', '2017-11-02', 'RB'),
('e24', '201710', 5, '1415.44', '2017-12-06', 'RB'),
('e24', '201711', 1, '1756.51', '2018-01-02', 'RB'),
('e24', '201712', 12, '1341.96', '2018-02-06', 'RB'),
('e24', '201801', 2, '2408.65', '2018-03-05', 'RB'),
('e24', '201802', 3, '2241.61', '2018-04-04', 'RB'),
('e24', '201803', 10, '3577.61', '2018-05-01', 'RB'),
('e24', '201804', 3, '3376.69', '2018-06-06', 'RB'),
('e24', '201805', 7, '1396.19', '2018-07-01', 'RB'),
('e24', '201806', 3, '3028.82', '2018-08-03', 'RB'),
('e24', '201807', 8, '3492.39', '2018-09-03', 'RB'),
('e24', '201808', 3, '3205.49', '2018-09-07', 'VA'),
('e24', '201809', 10, '0.00', '2018-09-01', 'CR'),
('e39', '201701', 11, '2495.21', '2017-03-06', 'RB'),
('e39', '201702', 2, '2483.38', '2017-04-07', 'RB'),
('e39', '201703', 10, '3188.42', '2017-05-07', 'RB'),
('e39', '201704', 2, '1881.49', '2017-06-04', 'RB'),
('e39', '201705', 12, '2408.49', '2017-07-07', 'RB'),
('e39', '201706', 11, '2199.45', '2017-08-08', 'RB'),
('e39', '201707', 8, '3116.47', '2017-09-06', 'RB'),
('e39', '201708', 5, '1683.73', '2017-10-02', 'RB'),
('e39', '201709', 10, '1638.00', '2017-11-08', 'RB'),
('e39', '201710', 5, '2825.73', '2017-12-04', 'RB'),
('e39', '201711', 10, '1236.47', '2018-01-07', 'RB'),
('e39', '201712', 1, '2928.02', '2018-02-05', 'RB'),
('e39', '201801', 8, '2016.62', '2018-03-05', 'RB'),
('e39', '201802', 0, '1053.56', '2018-04-06', 'RB'),
('e39', '201803', 8, '2590.56', '2018-05-04', 'RB'),
('e39', '201804', 6, '1289.13', '2018-06-06', 'RB'),
('e39', '201805', 9, '2839.89', '2018-07-07', 'RB'),
('e39', '201806', 0, '2002.08', '2018-08-07', 'RB'),
('e39', '201807', 4, '1101.59', '2018-09-06', 'RB'),
('e39', '201808', 10, '2248.55', '2018-09-07', 'VA'),
('e39', '201809', 5, '0.00', '2018-09-07', 'CR'),
('e49', '201701', 8, '3187.17', '2017-03-04', 'RB'),
('e49', '201702', 6, '1832.72', '2017-04-03', 'RB'),
('e49', '201703', 6, '1840.78', '2017-05-01', 'RB'),
('e49', '201704', 1, '2324.46', '2017-06-04', 'RB'),
('e49', '201705', 4, '1223.27', '2017-07-01', 'RB'),
('e49', '201706', 5, '2886.84', '2017-08-05', 'RB'),
('e49', '201707', 10, '1840.17', '2017-09-07', 'RB'),
('e49', '201708', 8, '2604.39', '2017-10-07', 'RB'),
('e49', '201709', 0, '3517.66', '2017-11-07', 'RB'),
('e49', '201710', 11, '3825.70', '2017-12-06', 'RB'),
('e49', '201711', 8, '1686.69', '2018-01-06', 'RB'),
('e49', '201712', 4, '3261.86', '2018-02-02', 'RB'),
('e49', '201801', 11, '2711.77', '2018-03-08', 'RB'),
('e49', '201802', 1, '2191.81', '2018-04-08', 'RB'),
('e49', '201803', 4, '2595.84', '2018-05-08', 'RB'),
('e49', '201804', 5, '3663.66', '2018-06-07', 'RB'),
('e49', '201805', 2, '1990.83', '2018-07-05', 'RB'),
('e49', '201806', 4, '1938.34', '2018-08-04', 'RB'),
('e49', '201807', 1, '1844.64', '2018-09-08', 'RB'),
('e49', '201808', 2, '1445.93', '2018-09-08', 'VA'),
('e49', '201809', 2, '0.00', '2018-09-08', 'CR'),
('e5', '201701', 12, '2751.22', '2017-03-07', 'RB'),
('e5', '201702', 11, '1228.53', '2017-04-01', 'RB'),
('e5', '201703', 11, '2839.21', '2017-05-03', 'RB'),
('e5', '201704', 3, '794.38', '2017-06-05', 'RB'),
('e5', '201705', 11, '1660.53', '2017-07-05', 'RB'),
('e5', '201706', 6, '2689.49', '2017-08-02', 'RB'),
('e5', '201707', 12, '2911.89', '2017-09-08', 'RB'),
('e5', '201708', 4, '2821.07', '2017-10-01', 'RB'),
('e5', '201709', 5, '2811.28', '2017-11-06', 'RB'),
('e5', '201710', 11, '2585.33', '2017-12-02', 'RB'),
('e5', '201711', 3, '1501.84', '2018-01-03', 'RB'),
('e5', '201712', 9, '1536.17', '2018-02-05', 'RB'),
('e5', '201801', 11, '3787.24', '2018-03-06', 'RB'),
('e5', '201802', 2, '3228.43', '2018-04-02', 'RB'),
('e5', '201803', 2, '2229.31', '2018-05-04', 'RB'),
('e5', '201804', 9, '2092.54', '2018-06-02', 'RB'),
('e5', '201805', 6, '3576.62', '2018-07-05', 'RB'),
('e5', '201806', 8, '2038.58', '2018-08-05', 'RB'),
('e5', '201807', 10, '3691.19', '2018-09-06', 'RB'),
('e5', '201808', 7, '2742.42', '2018-09-03', 'VA'),
('e5', '201809', 6, '0.00', '2018-09-06', 'CR'),
('e52', '201701', 10, '1708.15', '2017-03-07', 'RB'),
('e52', '201702', 5, '3458.69', '2017-04-08', 'RB'),
('e52', '201703', 7, '2586.60', '2017-05-04', 'RB'),
('e52', '201704', 11, '1744.51', '2017-06-05', 'RB'),
('e52', '201705', 1, '2513.32', '2017-07-01', 'RB'),
('e52', '201706', 11, '1248.75', '2017-08-08', 'RB'),
('e52', '201707', 5, '2561.92', '2017-09-03', 'RB'),
('e52', '201708', 4, '2199.32', '2017-10-07', 'RB'),
('e52', '201709', 3, '2949.28', '2017-11-06', 'RB'),
('e52', '201710', 8, '2942.79', '2017-12-02', 'RB'),
('e52', '201711', 9, '2896.64', '2018-01-07', 'RB'),
('e52', '201712', 10, '2047.21', '2018-02-05', 'RB'),
('e52', '201801', 6, '1580.82', '2018-03-01', 'RB'),
('e52', '201802', 1, '2354.82', '2018-04-08', 'RB'),
('e52', '201803', 9, '1245.58', '2018-05-01', 'RB'),
('e52', '201804', 7, '3931.18', '2018-06-07', 'RB'),
('e52', '201805', 1, '3643.95', '2018-07-03', 'RB'),
('e52', '201806', 6, '1514.53', '2018-08-03', 'RB'),
('e52', '201807', 9, '2184.54', '2018-09-04', 'RB'),
('e52', '201808', 10, '2124.92', '2018-09-01', 'VA'),
('e52', '201809', 3, '0.00', '2018-09-06', 'CR'),
('f21', '201701', 8, '2508.56', '2017-03-03', 'RB'),
('f21', '201702', 12, '2416.10', '2017-04-04', 'RB'),
('f21', '201703', 7, '2488.85', '2017-05-08', 'RB'),
('f21', '201704', 8, '1012.72', '2017-06-05', 'RB'),
('f21', '201705', 2, '2616.21', '2017-07-06', 'RB'),
('f21', '201706', 11, '3195.00', '2017-08-03', 'RB'),
('f21', '201707', 10, '2039.31', '2017-09-04', 'RB'),
('f21', '201708', 11, '2161.78', '2017-10-04', 'RB'),
('f21', '201709', 3, '2744.37', '2017-11-08', 'RB'),
('f21', '201710', 4, '3172.58', '2017-12-03', 'RB'),
('f21', '201711', 1, '2927.83', '2018-01-08', 'RB'),
('f21', '201712', 4, '1491.20', '2018-02-05', 'RB'),
('f21', '201801', 1, '1544.13', '2018-03-02', 'RB'),
('f21', '201802', 8, '1292.28', '2018-04-06', 'RB'),
('f21', '201803', 10, '3142.12', '2018-05-06', 'RB'),
('f21', '201804', 4, '3403.54', '2018-06-03', 'RB'),
('f21', '201805', 0, '2538.51', '2018-07-08', 'RB'),
('f21', '201806', 0, '3855.56', '2018-08-07', 'RB'),
('f21', '201807', 2, '3068.57', '2018-09-08', 'RB'),
('f21', '201808', 12, '3638.36', '2018-09-07', 'VA'),
('f21', '201809', 2, '0.00', '2018-09-03', 'CR'),
('f39', '201701', 5, '3568.77', '2017-03-06', 'RB'),
('f39', '201702', 11, '2102.46', '2017-04-06', 'RB'),
('f39', '201703', 7, '1658.38', '2017-05-03', 'RB'),
('f39', '201704', 3, '3111.56', '2017-06-04', 'RB'),
('f39', '201705', 8, '2954.14', '2017-07-08', 'RB'),
('f39', '201706', 7, '3039.50', '2017-08-04', 'RB'),
('f39', '201707', 3, '3491.59', '2017-09-08', 'RB'),
('f39', '201708', 5, '3429.68', '2017-10-06', 'RB'),
('f39', '201709', 8, '2454.44', '2017-11-01', 'RB'),
('f39', '201710', 7, '3585.08', '2017-12-07', 'RB'),
('f39', '201711', 4, '2119.30', '2018-01-05', 'RB'),
('f39', '201712', 6, '1908.07', '2018-02-07', 'RB'),
('f39', '201801', 7, '2924.29', '2018-03-02', 'RB'),
('f39', '201802', 0, '3311.91', '2018-04-01', 'RB'),
('f39', '201803', 12, '1858.81', '2018-05-03', 'RB'),
('f39', '201804', 9, '2322.18', '2018-06-07', 'RB'),
('f39', '201805', 9, '3440.95', '2018-07-06', 'RB'),
('f39', '201806', 4, '2009.82', '2018-08-05', 'RB'),
('f39', '201807', 5, '3014.79', '2018-09-05', 'RB'),
('f39', '201808', 4, '3620.33', '2018-09-02', 'VA'),
('f39', '201809', 3, '0.00', '2018-09-06', 'CR'),
('f4', '201701', 0, '1718.40', '2017-03-01', 'RB'),
('f4', '201702', 12, '4047.68', '2017-04-05', 'RB'),
('f4', '201703', 10, '1564.91', '2017-05-02', 'RB'),
('f4', '201704', 4, '3556.17', '2017-06-02', 'RB'),
('f4', '201705', 1, '3091.36', '2017-07-02', 'RB'),
('f4', '201706', 5, '2336.36', '2017-08-05', 'RB'),
('f4', '201707', 11, '1478.69', '2017-09-06', 'RB'),
('f4', '201708', 1, '1934.25', '2017-10-08', 'RB'),
('f4', '201709', 6, '2025.30', '2017-11-05', 'RB'),
('f4', '201710', 4, '2095.24', '2017-12-01', 'RB'),
('f4', '201711', 12, '3240.22', '2018-01-04', 'RB'),
('f4', '201712', 12, '2272.06', '2018-02-04', 'RB'),
('f4', '201801', 7, '3191.56', '2018-03-04', 'RB'),
('f4', '201802', 0, '1986.97', '2018-04-05', 'RB'),
('f4', '201803', 4, '2435.98', '2018-05-08', 'RB'),
('f4', '201804', 2, '2751.44', '2018-06-07', 'RB'),
('f4', '201805', 7, '3308.28', '2018-07-01', 'RB'),
('f4', '201806', 7, '2842.90', '2018-08-08', 'RB'),
('f4', '201807', 3, '3287.14', '2018-09-02', 'RB'),
('f4', '201808', 12, '3433.73', '2018-09-03', 'VA'),
('f4', '201809', 9, '0.00', '2018-09-05', 'CR');

-- --------------------------------------------------------

--
-- Table structure for table `fichefraisarchive`
--

CREATE TABLE `fichefraisarchive` (
  `dateModif` date DEFAULT NULL,
  `idEtat` char(2) NOT NULL,
  `idVisiteur` char(4) NOT NULL,
  `mois` char(6) NOT NULL,
  `montantValide` decimal(10,2) NOT NULL,
  `nbJustificatifs` int(11) DEFAULT NULL
) ENGINE=InnoDB DEFAULT CHARSET=utf8;

-- --------------------------------------------------------

--
-- Table structure for table `fraisforfait`
--

CREATE TABLE `fraisforfait` (
  `id` char(3) NOT NULL,
  `libelle` char(20) DEFAULT NULL,
  `montant` decimal(5,2) DEFAULT NULL
) ENGINE=InnoDB DEFAULT CHARSET=latin1;

--
-- Dumping data for table `fraisforfait`
--

INSERT INTO `fraisforfait` (`id`, `libelle`, `montant`) VALUES
('ETP', 'Forfait Etape', '110.00'),
('KM', 'Frais Kilométrique', '0.62'),
('NUI', 'Nuitée Hôtel', '80.00'),
('REP', 'Repas Restaurant', '25.00');

-- --------------------------------------------------------

--
-- Table structure for table `lignefraisforfait`
--

CREATE TABLE `lignefraisforfait` (
  `idVisiteur` char(4) NOT NULL,
  `mois` char(6) NOT NULL,
  `idFraisForfait` char(3) NOT NULL,
  `quantite` int(11) DEFAULT NULL
) ENGINE=InnoDB DEFAULT CHARSET=latin1;

--
-- Dumping data for table `lignefraisforfait`
--

INSERT INTO `lignefraisforfait` (`idVisiteur`, `mois`, `idFraisForfait`, `quantite`) VALUES
('a131', '201701', 'ETP', 17),
('a131', '201701', 'KM', 556),
('a131', '201701', 'NUI', 18),
('a131', '201701', 'REP', 11),
('a131', '201702', 'ETP', 17),
('a131', '201702', 'KM', 828),
('a131', '201702', 'NUI', 2),
('a131', '201702', 'REP', 5),
('a131', '201703', 'ETP', 14),
('a131', '201703', 'KM', 305),
('a131', '201703', 'NUI', 10),
('a131', '201703', 'REP', 15),
('a131', '201704', 'ETP', 4),
('a131', '201704', 'KM', 629),
('a131', '201704', 'NUI', 13),
('a131', '201704', 'REP', 5),
('a131', '201705', 'ETP', 10),
('a131', '201705', 'KM', 990),
('a131', '201705', 'NUI', 12),
('a131', '201705', 'REP', 5),
('a131', '201706', 'ETP', 7),
('a131', '201706', 'KM', 928),
('a131', '201706', 'NUI', 16),
('a131', '201706', 'REP', 17),
('a131', '201707', 'ETP', 18),
('a131', '201707', 'KM', 333),
('a131', '201707', 'NUI', 3),
('a131', '201707', 'REP', 15),
('a131', '201708', 'ETP', 20),
('a131', '201708', 'KM', 849),
('a131', '201708', 'NUI', 3),
('a131', '201708', 'REP', 18),
('a131', '201709', 'ETP', 16),
('a131', '201709', 'KM', 963),
('a131', '201709', 'NUI', 15),
('a131', '201709', 'REP', 20),
('a131', '201710', 'ETP', 20),
('a131', '201710', 'KM', 918),
('a131', '201710', 'NUI', 10),
('a131', '201710', 'REP', 3),
('a131', '201711', 'ETP', 17),
('a131', '201711', 'KM', 602),
('a131', '201711', 'NUI', 6),
('a131', '201711', 'REP', 17),
('a131', '201712', 'ETP', 2),
('a131', '201712', 'KM', 959),
('a131', '201712', 'NUI', 12),
('a131', '201712', 'REP', 5),
('a131', '201801', 'ETP', 17),
('a131', '201801', 'KM', 477),
('a131', '201801', 'NUI', 8),
('a131', '201801', 'REP', 18),
('a131', '201802', 'ETP', 18),
('a131', '201802', 'KM', 798),
('a131', '201802', 'NUI', 4),
('a131', '201802', 'REP', 20),
('a131', '201803', 'ETP', 11),
('a131', '201803', 'KM', 412),
('a131', '201803', 'NUI', 17),
('a131', '201803', 'REP', 20),
('a131', '201804', 'ETP', 7),
('a131', '201804', 'KM', 960),
('a131', '201804', 'NUI', 20),
('a131', '201804', 'REP', 3),
('a131', '201805', 'ETP', 12),
('a131', '201805', 'KM', 933),
('a131', '201805', 'NUI', 10),
('a131', '201805', 'REP', 18),
('a131', '201806', 'ETP', 2),
('a131', '201806', 'KM', 569),
('a131', '201806', 'NUI', 16),
('a131', '201806', 'REP', 9),
('a131', '201807', 'ETP', 18),
('a131', '201807', 'KM', 462),
('a131', '201807', 'NUI', 19),
('a131', '201807', 'REP', 7),
('a131', '201808', 'ETP', 17),
('a131', '201808', 'KM', 852),
('a131', '201808', 'NUI', 8),
('a131', '201808', 'REP', 13),
('a131', '201809', 'ETP', 3),
('a131', '201809', 'KM', 928),
('a131', '201809', 'NUI', 20),
('a131', '201809', 'REP', 20),
('a17', '201701', 'ETP', 9),
('a17', '201701', 'KM', 932),
('a17', '201701', 'NUI', 9),
('a17', '201701', 'REP', 10),
('a17', '201702', 'ETP', 19),
('a17', '201702', 'KM', 753),
('a17', '201702', 'NUI', 10),
('a17', '201702', 'REP', 14),
('a17', '201703', 'ETP', 11),
('a17', '201703', 'KM', 634),
('a17', '201703', 'NUI', 14),
('a17', '201703', 'REP', 15),
('a17', '201704', 'ETP', 6),
('a17', '201704', 'KM', 464),
('a17', '201704', 'NUI', 2),
('a17', '201704', 'REP', 4),
('a17', '201705', 'ETP', 19),
('a17', '201705', 'KM', 484),
('a17', '201705', 'NUI', 20),
('a17', '201705', 'REP', 3),
('a17', '201706', 'ETP', 16),
('a17', '201706', 'KM', 585),
('a17', '201706', 'NUI', 10),
('a17', '201706', 'REP', 4),
('a17', '201707', 'ETP', 10),
('a17', '201707', 'KM', 306),
('a17', '201707', 'NUI', 20),
('a17', '201707', 'REP', 9),
('a17', '201708', 'ETP', 5),
('a17', '201708', 'KM', 941),
('a17', '201708', 'NUI', 11),
('a17', '201708', 'REP', 9),
('a17', '201709', 'ETP', 15),
('a17', '201709', 'KM', 627),
('a17', '201709', 'NUI', 11),
('a17', '201709', 'REP', 8),
('a17', '201710', 'ETP', 7),
('a17', '201710', 'KM', 657),
('a17', '201710', 'NUI', 19),
('a17', '201710', 'REP', 15),
('a17', '201711', 'ETP', 13),
('a17', '201711', 'KM', 570),
('a17', '201711', 'NUI', 7),
('a17', '201711', 'REP', 14),
('a17', '201712', 'ETP', 17),
('a17', '201712', 'KM', 959),
('a17', '201712', 'NUI', 11),
('a17', '201712', 'REP', 16),
('a17', '201801', 'ETP', 15),
('a17', '201801', 'KM', 661),
('a17', '201801', 'NUI', 2),
('a17', '201801', 'REP', 4),
('a17', '201802', 'ETP', 12),
('a17', '201802', 'KM', 970),
('a17', '201802', 'NUI', 18),
('a17', '201802', 'REP', 8),
('a17', '201803', 'ETP', 19),
('a17', '201803', 'KM', 725),
('a17', '201803', 'NUI', 12),
('a17', '201803', 'REP', 12),
('a17', '201804', 'ETP', 5),
('a17', '201804', 'KM', 516),
('a17', '201804', 'NUI', 19),
('a17', '201804', 'REP', 6),
('a17', '201805', 'ETP', 20),
('a17', '201805', 'KM', 585),
('a17', '201805', 'NUI', 11),
('a17', '201805', 'REP', 12),
('a17', '201806', 'ETP', 11),
('a17', '201806', 'KM', 823),
('a17', '201806', 'NUI', 7),
('a17', '201806', 'REP', 4),
('a17', '201807', 'ETP', 12),
('a17', '201807', 'KM', 769),
('a17', '201807', 'NUI', 16),
('a17', '201807', 'REP', 20),
('a17', '201808', 'ETP', 6),
('a17', '201808', 'KM', 314),
('a17', '201808', 'NUI', 17),
('a17', '201808', 'REP', 16),
('a17', '201809', 'ETP', 9),
('a17', '201809', 'KM', 400),
('a17', '201809', 'NUI', 20),
('a17', '201809', 'REP', 12),
('a55', '201701', 'ETP', 5),
('a55', '201701', 'KM', 917),
('a55', '201701', 'NUI', 5),
('a55', '201701', 'REP', 20),
('a55', '201702', 'ETP', 8),
('a55', '201702', 'KM', 705),
('a55', '201702', 'NUI', 19),
('a55', '201702', 'REP', 3),
('a55', '201703', 'ETP', 3),
('a55', '201703', 'KM', 354),
('a55', '201703', 'NUI', 5),
('a55', '201703', 'REP', 10),
('a55', '201704', 'ETP', 3),
('a55', '201704', 'KM', 807),
('a55', '201704', 'NUI', 9),
('a55', '201704', 'REP', 5),
('a55', '201705', 'ETP', 13),
('a55', '201705', 'KM', 551),
('a55', '201705', 'NUI', 12),
('a55', '201705', 'REP', 19),
('a55', '201706', 'ETP', 8),
('a55', '201706', 'KM', 530),
('a55', '201706', 'NUI', 3),
('a55', '201706', 'REP', 15),
('a55', '201707', 'ETP', 12),
('a55', '201707', 'KM', 634),
('a55', '201707', 'NUI', 2),
('a55', '201707', 'REP', 5),
('a55', '201708', 'ETP', 20),
('a55', '201708', 'KM', 402),
('a55', '201708', 'NUI', 17),
('a55', '201708', 'REP', 9),
('a55', '201709', 'ETP', 15),
('a55', '201709', 'KM', 426),
('a55', '201709', 'NUI', 9),
('a55', '201709', 'REP', 19),
('a55', '201710', 'ETP', 13),
('a55', '201710', 'KM', 948),
('a55', '201710', 'NUI', 6),
('a55', '201710', 'REP', 20),
('a55', '201711', 'ETP', 17),
('a55', '201711', 'KM', 454),
('a55', '201711', 'NUI', 8),
('a55', '201711', 'REP', 2),
('a55', '201712', 'ETP', 3),
('a55', '201712', 'KM', 590),
('a55', '201712', 'NUI', 4),
('a55', '201712', 'REP', 5),
('a55', '201801', 'ETP', 12),
('a55', '201801', 'KM', 543),
('a55', '201801', 'NUI', 14),
('a55', '201801', 'REP', 3),
('a55', '201802', 'ETP', 3),
('a55', '201802', 'KM', 554),
('a55', '201802', 'NUI', 8),
('a55', '201802', 'REP', 17),
('a55', '201803', 'ETP', 16),
('a55', '201803', 'KM', 516),
('a55', '201803', 'NUI', 4),
('a55', '201803', 'REP', 19),
('a55', '201804', 'ETP', 9),
('a55', '201804', 'KM', 667),
('a55', '201804', 'NUI', 11),
('a55', '201804', 'REP', 12),
('a55', '201805', 'ETP', 4),
('a55', '201805', 'KM', 900),
('a55', '201805', 'NUI', 10),
('a55', '201805', 'REP', 7),
('a55', '201806', 'ETP', 16),
('a55', '201806', 'KM', 753),
('a55', '201806', 'NUI', 9),
('a55', '201806', 'REP', 6),
('a55', '201807', 'ETP', 10),
('a55', '201807', 'KM', 818),
('a55', '201807', 'NUI', 8),
('a55', '201807', 'REP', 20),
('a55', '201808', 'ETP', 19),
('a55', '201808', 'KM', 635),
('a55', '201808', 'NUI', 16),
('a55', '201808', 'REP', 12),
('a55', '201809', 'ETP', 9),
('a55', '201809', 'KM', 796),
('a55', '201809', 'NUI', 14),
('a55', '201809', 'REP', 13),
('a93', '201701', 'ETP', 14),
('a93', '201701', 'KM', 841),
('a93', '201701', 'NUI', 10),
('a93', '201701', 'REP', 6),
('a93', '201702', 'ETP', 17),
('a93', '201702', 'KM', 660),
('a93', '201702', 'NUI', 3),
('a93', '201702', 'REP', 3),
('a93', '201703', 'ETP', 14),
('a93', '201703', 'KM', 494),
('a93', '201703', 'NUI', 3),
('a93', '201703', 'REP', 4),
('a93', '201704', 'ETP', 9),
('a93', '201704', 'KM', 934),
('a93', '201704', 'NUI', 8),
('a93', '201704', 'REP', 2),
('a93', '201705', 'ETP', 16),
('a93', '201705', 'KM', 820),
('a93', '201705', 'NUI', 10),
('a93', '201705', 'REP', 18),
('a93', '201706', 'ETP', 19),
('a93', '201706', 'KM', 743),
('a93', '201706', 'NUI', 6),
('a93', '201706', 'REP', 7),
('a93', '201707', 'ETP', 14),
('a93', '201707', 'KM', 944),
('a93', '201707', 'NUI', 7),
('a93', '201707', 'REP', 7),
('a93', '201708', 'ETP', 4),
('a93', '201708', 'KM', 612),
('a93', '201708', 'NUI', 11),
('a93', '201708', 'REP', 12),
('a93', '201709', 'ETP', 3),
('a93', '201709', 'KM', 690),
('a93', '201709', 'NUI', 9),
('a93', '201709', 'REP', 3),
('a93', '201710', 'ETP', 16),
('a93', '201710', 'KM', 366),
('a93', '201710', 'NUI', 19),
('a93', '201710', 'REP', 12),
('a93', '201711', 'ETP', 17),
('a93', '201711', 'KM', 584),
('a93', '201711', 'NUI', 11),
('a93', '201711', 'REP', 3),
('a93', '201712', 'ETP', 12),
('a93', '201712', 'KM', 531),
('a93', '201712', 'NUI', 5),
('a93', '201712', 'REP', 4),
('a93', '201801', 'ETP', 14),
('a93', '201801', 'KM', 450),
('a93', '201801', 'NUI', 8),
('a93', '201801', 'REP', 19),
('a93', '201802', 'ETP', 7),
('a93', '201802', 'KM', 932),
('a93', '201802', 'NUI', 2),
('a93', '201802', 'REP', 20),
('a93', '201803', 'ETP', 6),
('a93', '201803', 'KM', 815),
('a93', '201803', 'NUI', 14),
('a93', '201803', 'REP', 9),
('a93', '201804', 'ETP', 15),
('a93', '201804', 'KM', 691),
('a93', '201804', 'NUI', 7),
('a93', '201804', 'REP', 17),
('a93', '201805', 'ETP', 9),
('a93', '201805', 'KM', 802),
('a93', '201805', 'NUI', 6),
('a93', '201805', 'REP', 7),
('a93', '201806', 'ETP', 12),
('a93', '201806', 'KM', 336),
('a93', '201806', 'NUI', 13),
('a93', '201806', 'REP', 10),
('a93', '201807', 'ETP', 18),
('a93', '201807', 'KM', 936),
('a93', '201807', 'NUI', 17),
('a93', '201807', 'REP', 8),
('a93', '201808', 'ETP', 13),
('a93', '201808', 'KM', 391),
('a93', '201808', 'NUI', 17),
('a93', '201808', 'REP', 13),
('a93', '201809', 'ETP', 9),
('a93', '201809', 'KM', 343),
('a93', '201809', 'NUI', 4),
('a93', '201809', 'REP', 7),
('b13', '201701', 'ETP', 12),
('b13', '201701', 'KM', 682),
('b13', '201701', 'NUI', 14),
('b13', '201701', 'REP', 2),
('b13', '201702', 'ETP', 15),
('b13', '201702', 'KM', 948),
('b13', '201702', 'NUI', 19),
('b13', '201702', 'REP', 19),
('b13', '201703', 'ETP', 5),
('b13', '201703', 'KM', 332),
('b13', '201703', 'NUI', 18),
('b13', '201703', 'REP', 11),
('b13', '201704', 'ETP', 13),
('b13', '201704', 'KM', 475),
('b13', '201704', 'NUI', 20),
('b13', '201704', 'REP', 19),
('b13', '201705', 'ETP', 6),
('b13', '201705', 'KM', 568),
('b13', '201705', 'NUI', 5),
('b13', '201705', 'REP', 15),
('b13', '201706', 'ETP', 17),
('b13', '201706', 'KM', 851),
('b13', '201706', 'NUI', 2),
('b13', '201706', 'REP', 2),
('b13', '201707', 'ETP', 11),
('b13', '201707', 'KM', 513),
('b13', '201707', 'NUI', 9),
('b13', '201707', 'REP', 10),
('b13', '201708', 'ETP', 2),
('b13', '201708', 'KM', 498),
('b13', '201708', 'NUI', 17),
('b13', '201708', 'REP', 3),
('b13', '201709', 'ETP', 14),
('b13', '201709', 'KM', 695),
('b13', '201709', 'NUI', 5),
('b13', '201709', 'REP', 11),
('b13', '201710', 'ETP', 3),
('b13', '201710', 'KM', 644),
('b13', '201710', 'NUI', 3),
('b13', '201710', 'REP', 16),
('b13', '201711', 'ETP', 12),
('b13', '201711', 'KM', 936),
('b13', '201711', 'NUI', 9),
('b13', '201711', 'REP', 12),
('b13', '201712', 'ETP', 15),
('b13', '201712', 'KM', 411),
('b13', '201712', 'NUI', 13),
('b13', '201712', 'REP', 18),
('b13', '201801', 'ETP', 17),
('b13', '201801', 'KM', 362),
('b13', '201801', 'NUI', 14),
('b13', '201801', 'REP', 8),
('b13', '201802', 'ETP', 13),
('b13', '201802', 'KM', 327),
('b13', '201802', 'NUI', 3),
('b13', '201802', 'REP', 3),
('b13', '201803', 'ETP', 7),
('b13', '201803', 'KM', 899),
('b13', '201803', 'NUI', 17),
('b13', '201803', 'REP', 15),
('b13', '201804', 'ETP', 12),
('b13', '201804', 'KM', 916),
('b13', '201804', 'NUI', 8),
('b13', '201804', 'REP', 6),
('b13', '201805', 'ETP', 14),
('b13', '201805', 'KM', 971),
('b13', '201805', 'NUI', 13),
('b13', '201805', 'REP', 7),
('b13', '201806', 'ETP', 8),
('b13', '201806', 'KM', 602),
('b13', '201806', 'NUI', 3),
('b13', '201806', 'REP', 2),
('b13', '201807', 'ETP', 16),
('b13', '201807', 'KM', 402),
('b13', '201807', 'NUI', 16),
('b13', '201807', 'REP', 20),
('b13', '201808', 'ETP', 14),
('b13', '201808', 'KM', 611),
('b13', '201808', 'NUI', 3),
('b13', '201808', 'REP', 5),
('b13', '201809', 'ETP', 6),
('b13', '201809', 'KM', 418),
('b13', '201809', 'NUI', 20),
('b13', '201809', 'REP', 8),
('b16', '201701', 'ETP', 7),
('b16', '201701', 'KM', 767),
('b16', '201701', 'NUI', 2),
('b16', '201701', 'REP', 12),
('b16', '201702', 'ETP', 19),
('b16', '201702', 'KM', 846),
('b16', '201702', 'NUI', 4),
('b16', '201702', 'REP', 7),
('b16', '201703', 'ETP', 20),
('b16', '201703', 'KM', 896),
('b16', '201703', 'NUI', 16),
('b16', '201703', 'REP', 16),
('b16', '201704', 'ETP', 12),
('b16', '201704', 'KM', 808),
('b16', '201704', 'NUI', 18),
('b16', '201704', 'REP', 11),
('b16', '201705', 'ETP', 10),
('b16', '201705', 'KM', 823),
('b16', '201705', 'NUI', 20),
('b16', '201705', 'REP', 14),
('b16', '201706', 'ETP', 17),
('b16', '201706', 'KM', 831),
('b16', '201706', 'NUI', 20),
('b16', '201706', 'REP', 16),
('b16', '201707', 'ETP', 11),
('b16', '201707', 'KM', 372),
('b16', '201707', 'NUI', 9),
('b16', '201707', 'REP', 19),
('b16', '201708', 'ETP', 12),
('b16', '201708', 'KM', 738),
('b16', '201708', 'NUI', 5),
('b16', '201708', 'REP', 16),
('b16', '201709', 'ETP', 17),
('b16', '201709', 'KM', 769),
('b16', '201709', 'NUI', 18),
('b16', '201709', 'REP', 8),
('b16', '201710', 'ETP', 10),
('b16', '201710', 'KM', 355),
('b16', '201710', 'NUI', 7),
('b16', '201710', 'REP', 7),
('b16', '201711', 'ETP', 6),
('b16', '201711', 'KM', 438),
('b16', '201711', 'NUI', 2),
('b16', '201711', 'REP', 14),
('b16', '201712', 'ETP', 7),
('b16', '201712', 'KM', 909),
('b16', '201712', 'NUI', 2),
('b16', '201712', 'REP', 3),
('b16', '201801', 'ETP', 9),
('b16', '201801', 'KM', 606),
('b16', '201801', 'NUI', 15),
('b16', '201801', 'REP', 14),
('b16', '201802', 'ETP', 17),
('b16', '201802', 'KM', 822),
('b16', '201802', 'NUI', 3),
('b16', '201802', 'REP', 19),
('b16', '201803', 'ETP', 5),
('b16', '201803', 'KM', 396),
('b16', '201803', 'NUI', 13),
('b16', '201803', 'REP', 2),
('b16', '201804', 'ETP', 16),
('b16', '201804', 'KM', 620),
('b16', '201804', 'NUI', 7),
('b16', '201804', 'REP', 11),
('b16', '201805', 'ETP', 6),
('b16', '201805', 'KM', 333),
('b16', '201805', 'NUI', 12),
('b16', '201805', 'REP', 11),
('b16', '201806', 'ETP', 18),
('b16', '201806', 'KM', 828),
('b16', '201806', 'NUI', 8),
('b16', '201806', 'REP', 14),
('b16', '201807', 'ETP', 8),
('b16', '201807', 'KM', 944),
('b16', '201807', 'NUI', 5),
('b16', '201807', 'REP', 19),
('b16', '201808', 'ETP', 19),
('b16', '201808', 'KM', 571),
('b16', '201808', 'NUI', 2),
('b16', '201808', 'REP', 2),
('b16', '201809', 'ETP', 7),
('b16', '201809', 'KM', 652),
('b16', '201809', 'NUI', 8),
('b16', '201809', 'REP', 2),
('b19', '201701', 'ETP', 14),
('b19', '201701', 'KM', 375),
('b19', '201701', 'NUI', 3),
('b19', '201701', 'REP', 10),
('b19', '201702', 'ETP', 16),
('b19', '201702', 'KM', 682),
('b19', '201702', 'NUI', 15),
('b19', '201702', 'REP', 10),
('b19', '201703', 'ETP', 17),
('b19', '201703', 'KM', 764),
('b19', '201703', 'NUI', 6),
('b19', '201703', 'REP', 14),
('b19', '201704', 'ETP', 12),
('b19', '201704', 'KM', 861),
('b19', '201704', 'NUI', 4),
('b19', '201704', 'REP', 3),
('b19', '201705', 'ETP', 4),
('b19', '201705', 'KM', 863),
('b19', '201705', 'NUI', 7),
('b19', '201705', 'REP', 8),
('b19', '201706', 'ETP', 9),
('b19', '201706', 'KM', 311),
('b19', '201706', 'NUI', 6),
('b19', '201706', 'REP', 13),
('b19', '201707', 'ETP', 9),
('b19', '201707', 'KM', 497),
('b19', '201707', 'NUI', 19),
('b19', '201707', 'REP', 8),
('b19', '201708', 'ETP', 2),
('b19', '201708', 'KM', 961),
('b19', '201708', 'NUI', 18),
('b19', '201708', 'REP', 16),
('b19', '201709', 'ETP', 8),
('b19', '201709', 'KM', 892),
('b19', '201709', 'NUI', 20),
('b19', '201709', 'REP', 9),
('b19', '201710', 'ETP', 5),
('b19', '201710', 'KM', 531),
('b19', '201710', 'NUI', 15),
('b19', '201710', 'REP', 7),
('b19', '201711', 'ETP', 16),
('b19', '201711', 'KM', 470),
('b19', '201711', 'NUI', 3),
('b19', '201711', 'REP', 5),
('b19', '201712', 'ETP', 15),
('b19', '201712', 'KM', 951),
('b19', '201712', 'NUI', 12),
('b19', '201712', 'REP', 2),
('b19', '201801', 'ETP', 7),
('b19', '201801', 'KM', 460),
('b19', '201801', 'NUI', 3),
('b19', '201801', 'REP', 10),
('b19', '201802', 'ETP', 6),
('b19', '201802', 'KM', 642),
('b19', '201802', 'NUI', 4),
('b19', '201802', 'REP', 13),
('b19', '201803', 'ETP', 17),
('b19', '201803', 'KM', 685),
('b19', '201803', 'NUI', 15),
('b19', '201803', 'REP', 3),
('b19', '201804', 'ETP', 13),
('b19', '201804', 'KM', 831),
('b19', '201804', 'NUI', 6),
('b19', '201804', 'REP', 18),
('b19', '201805', 'ETP', 20),
('b19', '201805', 'KM', 970),
('b19', '201805', 'NUI', 15),
('b19', '201805', 'REP', 14),
('b19', '201806', 'ETP', 12),
('b19', '201806', 'KM', 643),
('b19', '201806', 'NUI', 12),
('b19', '201806', 'REP', 11),
('b19', '201807', 'ETP', 12),
('b19', '201807', 'KM', 440),
('b19', '201807', 'NUI', 17),
('b19', '201807', 'REP', 2),
('b19', '201808', 'ETP', 16),
('b19', '201808', 'KM', 602),
('b19', '201808', 'NUI', 18),
('b19', '201808', 'REP', 8),
('b19', '201809', 'ETP', 8),
('b19', '201809', 'KM', 320),
('b19', '201809', 'NUI', 16),
('b19', '201809', 'REP', 20),
('b25', '201701', 'ETP', 2),
('b25', '201701', 'KM', 534),
('b25', '201701', 'NUI', 19),
('b25', '201701', 'REP', 2),
('b25', '201702', 'ETP', 2),
('b25', '201702', 'KM', 435),
('b25', '201702', 'NUI', 8),
('b25', '201702', 'REP', 4),
('b25', '201703', 'ETP', 3),
('b25', '201703', 'KM', 965),
('b25', '201703', 'NUI', 11),
('b25', '201703', 'REP', 8),
('b25', '201704', 'ETP', 10),
('b25', '201704', 'KM', 611),
('b25', '201704', 'NUI', 7),
('b25', '201704', 'REP', 8),
('b25', '201705', 'ETP', 15),
('b25', '201705', 'KM', 316),
('b25', '201705', 'NUI', 7),
('b25', '201705', 'REP', 4),
('b25', '201706', 'ETP', 6),
('b25', '201706', 'KM', 672),
('b25', '201706', 'NUI', 9),
('b25', '201706', 'REP', 7),
('b25', '201707', 'ETP', 14),
('b25', '201707', 'KM', 517),
('b25', '201707', 'NUI', 3),
('b25', '201707', 'REP', 2),
('b25', '201708', 'ETP', 6),
('b25', '201708', 'KM', 442),
('b25', '201708', 'NUI', 8),
('b25', '201708', 'REP', 17),
('b25', '201709', 'ETP', 14),
('b25', '201709', 'KM', 690),
('b25', '201709', 'NUI', 13),
('b25', '201709', 'REP', 17),
('b25', '201710', 'ETP', 5),
('b25', '201710', 'KM', 448),
('b25', '201710', 'NUI', 18),
('b25', '201710', 'REP', 12),
('b25', '201711', 'ETP', 10),
('b25', '201711', 'KM', 660),
('b25', '201711', 'NUI', 13),
('b25', '201711', 'REP', 6),
('b25', '201712', 'ETP', 16),
('b25', '201712', 'KM', 514),
('b25', '201712', 'NUI', 17),
('b25', '201712', 'REP', 9),
('b25', '201801', 'ETP', 17),
('b25', '201801', 'KM', 954),
('b25', '201801', 'NUI', 18),
('b25', '201801', 'REP', 3),
('b25', '201802', 'ETP', 17),
('b25', '201802', 'KM', 466),
('b25', '201802', 'NUI', 17),
('b25', '201802', 'REP', 19),
('b25', '201803', 'ETP', 10),
('b25', '201803', 'KM', 694),
('b25', '201803', 'NUI', 4),
('b25', '201803', 'REP', 3),
('b25', '201804', 'ETP', 2),
('b25', '201804', 'KM', 828),
('b25', '201804', 'NUI', 16),
('b25', '201804', 'REP', 2),
('b25', '201805', 'ETP', 5),
('b25', '201805', 'KM', 407),
('b25', '201805', 'NUI', 4),
('b25', '201805', 'REP', 20),
('b25', '201806', 'ETP', 5),
('b25', '201806', 'KM', 724),
('b25', '201806', 'NUI', 7),
('b25', '201806', 'REP', 9),
('b25', '201807', 'ETP', 15),
('b25', '201807', 'KM', 618),
('b25', '201807', 'NUI', 13),
('b25', '201807', 'REP', 11),
('b25', '201808', 'ETP', 20),
('b25', '201808', 'KM', 681),
('b25', '201808', 'NUI', 5),
('b25', '201808', 'REP', 17),
('b25', '201809', 'ETP', 16),
('b25', '201809', 'KM', 452),
('b25', '201809', 'NUI', 8),
('b25', '201809', 'REP', 9),
('b28', '201701', 'ETP', 6),
('b28', '201701', 'KM', 522),
('b28', '201701', 'NUI', 5),
('b28', '201701', 'REP', 20),
('b28', '201702', 'ETP', 4),
('b28', '201702', 'KM', 433),
('b28', '201702', 'NUI', 3),
('b28', '201702', 'REP', 11),
('b28', '201703', 'ETP', 14),
('b28', '201703', 'KM', 775),
('b28', '201703', 'NUI', 3),
('b28', '201703', 'REP', 14),
('b28', '201704', 'ETP', 12),
('b28', '201704', 'KM', 387),
('b28', '201704', 'NUI', 12),
('b28', '201704', 'REP', 11),
('b28', '201705', 'ETP', 2),
('b28', '201705', 'KM', 562),
('b28', '201705', 'NUI', 12),
('b28', '201705', 'REP', 13),
('b28', '201706', 'ETP', 17),
('b28', '201706', 'KM', 839),
('b28', '201706', 'NUI', 11),
('b28', '201706', 'REP', 3),
('b28', '201707', 'ETP', 3),
('b28', '201707', 'KM', 409),
('b28', '201707', 'NUI', 9),
('b28', '201707', 'REP', 13),
('b28', '201708', 'ETP', 13),
('b28', '201708', 'KM', 914),
('b28', '201708', 'NUI', 15),
('b28', '201708', 'REP', 4),
('b28', '201709', 'ETP', 12),
('b28', '201709', 'KM', 842),
('b28', '201709', 'NUI', 9),
('b28', '201709', 'REP', 8),
('b28', '201710', 'ETP', 15),
('b28', '201710', 'KM', 435),
('b28', '201710', 'NUI', 19),
('b28', '201710', 'REP', 7),
('b28', '201711', 'ETP', 5),
('b28', '201711', 'KM', 985),
('b28', '201711', 'NUI', 6),
('b28', '201711', 'REP', 13),
('b28', '201712', 'ETP', 17),
('b28', '201712', 'KM', 630),
('b28', '201712', 'NUI', 17),
('b28', '201712', 'REP', 9),
('b28', '201801', 'ETP', 16),
('b28', '201801', 'KM', 662),
('b28', '201801', 'NUI', 15),
('b28', '201801', 'REP', 5),
('b28', '201802', 'ETP', 16),
('b28', '201802', 'KM', 622),
('b28', '201802', 'NUI', 7),
('b28', '201802', 'REP', 3),
('b28', '201803', 'ETP', 2),
('b28', '201803', 'KM', 400),
('b28', '201803', 'NUI', 11),
('b28', '201803', 'REP', 16),
('b28', '201804', 'ETP', 7),
('b28', '201804', 'KM', 938),
('b28', '201804', 'NUI', 19),
('b28', '201804', 'REP', 6),
('b28', '201805', 'ETP', 16),
('b28', '201805', 'KM', 724),
('b28', '201805', 'NUI', 10),
('b28', '201805', 'REP', 3),
('b28', '201806', 'ETP', 4),
('b28', '201806', 'KM', 700),
('b28', '201806', 'NUI', 13),
('b28', '201806', 'REP', 11),
('b28', '201807', 'ETP', 13),
('b28', '201807', 'KM', 757),
('b28', '201807', 'NUI', 7),
('b28', '201807', 'REP', 20),
('b28', '201808', 'ETP', 20),
('b28', '201808', 'KM', 435),
('b28', '201808', 'NUI', 2),
('b28', '201808', 'REP', 14),
('b28', '201809', 'ETP', 9),
('b28', '201809', 'KM', 325),
('b28', '201809', 'NUI', 15),
('b28', '201809', 'REP', 4),
('b34', '201701', 'ETP', 14),
('b34', '201701', 'KM', 668),
('b34', '201701', 'NUI', 19),
('b34', '201701', 'REP', 10),
('b34', '201702', 'ETP', 18),
('b34', '201702', 'KM', 654),
('b34', '201702', 'NUI', 11),
('b34', '201702', 'REP', 7),
('b34', '201703', 'ETP', 18),
('b34', '201703', 'KM', 524),
('b34', '201703', 'NUI', 2),
('b34', '201703', 'REP', 14),
('b34', '201704', 'ETP', 17),
('b34', '201704', 'KM', 868),
('b34', '201704', 'NUI', 10),
('b34', '201704', 'REP', 6),
('b34', '201705', 'ETP', 9),
('b34', '201705', 'KM', 527),
('b34', '201705', 'NUI', 5),
('b34', '201705', 'REP', 2),
('b34', '201706', 'ETP', 18),
('b34', '201706', 'KM', 792),
('b34', '201706', 'NUI', 6),
('b34', '201706', 'REP', 15),
('b34', '201707', 'ETP', 20),
('b34', '201707', 'KM', 503),
('b34', '201707', 'NUI', 2),
('b34', '201707', 'REP', 7),
('b34', '201708', 'ETP', 19),
('b34', '201708', 'KM', 951),
('b34', '201708', 'NUI', 13),
('b34', '201708', 'REP', 10),
('b34', '201709', 'ETP', 9),
('b34', '201709', 'KM', 977),
('b34', '201709', 'NUI', 9),
('b34', '201709', 'REP', 6),
('b34', '201710', 'ETP', 13),
('b34', '201710', 'KM', 470),
('b34', '201710', 'NUI', 9),
('b34', '201710', 'REP', 5),
('b34', '201711', 'ETP', 8),
('b34', '201711', 'KM', 372),
('b34', '201711', 'NUI', 2),
('b34', '201711', 'REP', 11),
('b34', '201712', 'ETP', 16),
('b34', '201712', 'KM', 575),
('b34', '201712', 'NUI', 7),
('b34', '201712', 'REP', 16),
('b34', '201801', 'ETP', 12),
('b34', '201801', 'KM', 617),
('b34', '201801', 'NUI', 13),
('b34', '201801', 'REP', 20),
('b34', '201802', 'ETP', 2),
('b34', '201802', 'KM', 389),
('b34', '201802', 'NUI', 2),
('b34', '201802', 'REP', 17),
('b34', '201803', 'ETP', 18),
('b34', '201803', 'KM', 833),
('b34', '201803', 'NUI', 20),
('b34', '201803', 'REP', 8),
('b34', '201804', 'ETP', 7),
('b34', '201804', 'KM', 439),
('b34', '201804', 'NUI', 9),
('b34', '201804', 'REP', 4),
('b34', '201805', 'ETP', 20),
('b34', '201805', 'KM', 848),
('b34', '201805', 'NUI', 16),
('b34', '201805', 'REP', 8),
('b34', '201806', 'ETP', 5),
('b34', '201806', 'KM', 549),
('b34', '201806', 'NUI', 4),
('b34', '201806', 'REP', 11),
('b34', '201807', 'ETP', 14),
('b34', '201807', 'KM', 484),
('b34', '201807', 'NUI', 18),
('b34', '201807', 'REP', 15),
('b34', '201808', 'ETP', 12),
('b34', '201808', 'KM', 544),
('b34', '201808', 'NUI', 20),
('b34', '201808', 'REP', 13),
('b34', '201809', 'ETP', 13),
('b34', '201809', 'KM', 969),
('b34', '201809', 'NUI', 19),
('b34', '201809', 'REP', 7),
('b4', '201701', 'ETP', 3),
('b4', '201701', 'KM', 949),
('b4', '201701', 'NUI', 15),
('b4', '201701', 'REP', 7),
('b4', '201702', 'ETP', 14),
('b4', '201702', 'KM', 726),
('b4', '201702', 'NUI', 16),
('b4', '201702', 'REP', 15),
('b4', '201703', 'ETP', 12),
('b4', '201703', 'KM', 890),
('b4', '201703', 'NUI', 2),
('b4', '201703', 'REP', 6),
('b4', '201704', 'ETP', 10),
('b4', '201704', 'KM', 981),
('b4', '201704', 'NUI', 2),
('b4', '201704', 'REP', 17),
('b4', '201705', 'ETP', 14),
('b4', '201705', 'KM', 890),
('b4', '201705', 'NUI', 16),
('b4', '201705', 'REP', 5),
('b4', '201706', 'ETP', 18),
('b4', '201706', 'KM', 858),
('b4', '201706', 'NUI', 13),
('b4', '201706', 'REP', 8),
('b4', '201707', 'ETP', 6),
('b4', '201707', 'KM', 776),
('b4', '201707', 'NUI', 12),
('b4', '201707', 'REP', 18),
('b4', '201708', 'ETP', 12),
('b4', '201708', 'KM', 884),
('b4', '201708', 'NUI', 4),
('b4', '201708', 'REP', 20),
('b4', '201709', 'ETP', 20),
('b4', '201709', 'KM', 371),
('b4', '201709', 'NUI', 6),
('b4', '201709', 'REP', 4),
('b4', '201710', 'ETP', 7),
('b4', '201710', 'KM', 881),
('b4', '201710', 'NUI', 9),
('b4', '201710', 'REP', 11),
('b4', '201711', 'ETP', 14),
('b4', '201711', 'KM', 903),
('b4', '201711', 'NUI', 12),
('b4', '201711', 'REP', 14),
('b4', '201712', 'ETP', 17),
('b4', '201712', 'KM', 676),
('b4', '201712', 'NUI', 5),
('b4', '201712', 'REP', 15),
('b4', '201801', 'ETP', 2),
('b4', '201801', 'KM', 794),
('b4', '201801', 'NUI', 6),
('b4', '201801', 'REP', 5),
('b4', '201802', 'ETP', 19),
('b4', '201802', 'KM', 795),
('b4', '201802', 'NUI', 5),
('b4', '201802', 'REP', 7),
('b4', '201803', 'ETP', 17),
('b4', '201803', 'KM', 570),
('b4', '201803', 'NUI', 2),
('b4', '201803', 'REP', 12),
('b4', '201804', 'ETP', 8),
('b4', '201804', 'KM', 360),
('b4', '201804', 'NUI', 5),
('b4', '201804', 'REP', 2),
('b4', '201805', 'ETP', 16),
('b4', '201805', 'KM', 756),
('b4', '201805', 'NUI', 14),
('b4', '201805', 'REP', 9),
('b4', '201806', 'ETP', 17),
('b4', '201806', 'KM', 599),
('b4', '201806', 'NUI', 19),
('b4', '201806', 'REP', 14),
('b4', '201807', 'ETP', 14),
('b4', '201807', 'KM', 478),
('b4', '201807', 'NUI', 20),
('b4', '201807', 'REP', 11),
('b4', '201808', 'ETP', 3),
('b4', '201808', 'KM', 635),
('b4', '201808', 'NUI', 5),
('b4', '201808', 'REP', 19),
('b4', '201809', 'ETP', 6),
('b4', '201809', 'KM', 960),
('b4', '201809', 'NUI', 13),
('b4', '201809', 'REP', 13),
('b50', '201701', 'ETP', 18),
('b50', '201701', 'KM', 994),
('b50', '201701', 'NUI', 14),
('b50', '201701', 'REP', 13),
('b50', '201702', 'ETP', 6),
('b50', '201702', 'KM', 627),
('b50', '201702', 'NUI', 8),
('b50', '201702', 'REP', 12),
('b50', '201703', 'ETP', 2),
('b50', '201703', 'KM', 800),
('b50', '201703', 'NUI', 4),
('b50', '201703', 'REP', 10),
('b50', '201704', 'ETP', 9),
('b50', '201704', 'KM', 704),
('b50', '201704', 'NUI', 20),
('b50', '201704', 'REP', 20),
('b50', '201705', 'ETP', 5),
('b50', '201705', 'KM', 579),
('b50', '201705', 'NUI', 8),
('b50', '201705', 'REP', 5),
('b50', '201706', 'ETP', 12),
('b50', '201706', 'KM', 315),
('b50', '201706', 'NUI', 6),
('b50', '201706', 'REP', 15),
('b50', '201707', 'ETP', 5),
('b50', '201707', 'KM', 856),
('b50', '201707', 'NUI', 3),
('b50', '201707', 'REP', 12),
('b50', '201708', 'ETP', 8),
('b50', '201708', 'KM', 688),
('b50', '201708', 'NUI', 17),
('b50', '201708', 'REP', 9),
('b50', '201709', 'ETP', 15),
('b50', '201709', 'KM', 755),
('b50', '201709', 'NUI', 2),
('b50', '201709', 'REP', 8),
('b50', '201710', 'ETP', 12),
('b50', '201710', 'KM', 946),
('b50', '201710', 'NUI', 12),
('b50', '201710', 'REP', 19),
('b50', '201711', 'ETP', 12),
('b50', '201711', 'KM', 802),
('b50', '201711', 'NUI', 20),
('b50', '201711', 'REP', 7),
('b50', '201712', 'ETP', 20),
('b50', '201712', 'KM', 914),
('b50', '201712', 'NUI', 5),
('b50', '201712', 'REP', 20),
('b50', '201801', 'ETP', 10),
('b50', '201801', 'KM', 822),
('b50', '201801', 'NUI', 14),
('b50', '201801', 'REP', 3),
('b50', '201802', 'ETP', 7),
('b50', '201802', 'KM', 416),
('b50', '201802', 'NUI', 9),
('b50', '201802', 'REP', 6),
('b50', '201803', 'ETP', 4),
('b50', '201803', 'KM', 639),
('b50', '201803', 'NUI', 17),
('b50', '201803', 'REP', 12),
('b50', '201804', 'ETP', 7),
('b50', '201804', 'KM', 679),
('b50', '201804', 'NUI', 20),
('b50', '201804', 'REP', 13),
('b50', '201805', 'ETP', 9),
('b50', '201805', 'KM', 779),
('b50', '201805', 'NUI', 6),
('b50', '201805', 'REP', 10),
('b50', '201806', 'ETP', 15),
('b50', '201806', 'KM', 828),
('b50', '201806', 'NUI', 14),
('b50', '201806', 'REP', 15),
('b50', '201807', 'ETP', 20),
('b50', '201807', 'KM', 366),
('b50', '201807', 'NUI', 14),
('b50', '201807', 'REP', 10),
('b50', '201808', 'ETP', 8),
('b50', '201808', 'KM', 686),
('b50', '201808', 'NUI', 6),
('b50', '201808', 'REP', 7),
('b50', '201809', 'ETP', 13),
('b50', '201809', 'KM', 627),
('b50', '201809', 'NUI', 17),
('b50', '201809', 'REP', 8),
('b59', '201701', 'ETP', 19),
('b59', '201701', 'KM', 780),
('b59', '201701', 'NUI', 9),
('b59', '201701', 'REP', 5),
('b59', '201702', 'ETP', 2),
('b59', '201702', 'KM', 685),
('b59', '201702', 'NUI', 10),
('b59', '201702', 'REP', 19),
('b59', '201703', 'ETP', 4),
('b59', '201703', 'KM', 933),
('b59', '201703', 'NUI', 19),
('b59', '201703', 'REP', 4),
('b59', '201704', 'ETP', 20),
('b59', '201704', 'KM', 365),
('b59', '201704', 'NUI', 8),
('b59', '201704', 'REP', 18),
('b59', '201705', 'ETP', 17),
('b59', '201705', 'KM', 972),
('b59', '201705', 'NUI', 13),
('b59', '201705', 'REP', 17),
('b59', '201706', 'ETP', 7),
('b59', '201706', 'KM', 894),
('b59', '201706', 'NUI', 6),
('b59', '201706', 'REP', 2),
('b59', '201707', 'ETP', 14),
('b59', '201707', 'KM', 721),
('b59', '201707', 'NUI', 4),
('b59', '201707', 'REP', 2),
('b59', '201708', 'ETP', 13),
('b59', '201708', 'KM', 694),
('b59', '201708', 'NUI', 18),
('b59', '201708', 'REP', 2),
('b59', '201709', 'ETP', 9),
('b59', '201709', 'KM', 705),
('b59', '201709', 'NUI', 7),
('b59', '201709', 'REP', 12),
('b59', '201710', 'ETP', 16),
('b59', '201710', 'KM', 993),
('b59', '201710', 'NUI', 20),
('b59', '201710', 'REP', 14),
('b59', '201711', 'ETP', 18),
('b59', '201711', 'KM', 749),
('b59', '201711', 'NUI', 17),
('b59', '201711', 'REP', 2),
('b59', '201712', 'ETP', 10),
('b59', '201712', 'KM', 915),
('b59', '201712', 'NUI', 8),
('b59', '201712', 'REP', 15),
('b59', '201801', 'ETP', 15),
('b59', '201801', 'KM', 679),
('b59', '201801', 'NUI', 10),
('b59', '201801', 'REP', 8),
('b59', '201802', 'ETP', 10),
('b59', '201802', 'KM', 983),
('b59', '201802', 'NUI', 14),
('b59', '201802', 'REP', 19),
('b59', '201803', 'ETP', 17),
('b59', '201803', 'KM', 318),
('b59', '201803', 'NUI', 20),
('b59', '201803', 'REP', 4),
('b59', '201804', 'ETP', 11),
('b59', '201804', 'KM', 324),
('b59', '201804', 'NUI', 16),
('b59', '201804', 'REP', 2),
('b59', '201805', 'ETP', 16),
('b59', '201805', 'KM', 893),
('b59', '201805', 'NUI', 3),
('b59', '201805', 'REP', 6),
('b59', '201806', 'ETP', 8),
('b59', '201806', 'KM', 864),
('b59', '201806', 'NUI', 8),
('b59', '201806', 'REP', 17),
('b59', '201807', 'ETP', 10),
('b59', '201807', 'KM', 828),
('b59', '201807', 'NUI', 12),
('b59', '201807', 'REP', 8),
('b59', '201808', 'ETP', 16),
('b59', '201808', 'KM', 325),
('b59', '201808', 'NUI', 5),
('b59', '201808', 'REP', 19),
('b59', '201809', 'ETP', 12),
('b59', '201809', 'KM', 648),
('b59', '201809', 'NUI', 4),
('b59', '201809', 'REP', 6),
('c14', '201701', 'ETP', 11),
('c14', '201701', 'KM', 635),
('c14', '201701', 'NUI', 20),
('c14', '201701', 'REP', 6),
('c14', '201702', 'ETP', 17),
('c14', '201702', 'KM', 878),
('c14', '201702', 'NUI', 13),
('c14', '201702', 'REP', 13),
('c14', '201703', 'ETP', 6),
('c14', '201703', 'KM', 918),
('c14', '201703', 'NUI', 12),
('c14', '201703', 'REP', 10),
('c14', '201704', 'ETP', 2),
('c14', '201704', 'KM', 643),
('c14', '201704', 'NUI', 15),
('c14', '201704', 'REP', 7),
('c14', '201705', 'ETP', 17),
('c14', '201705', 'KM', 998),
('c14', '201705', 'NUI', 13),
('c14', '201705', 'REP', 7),
('c14', '201706', 'ETP', 19),
('c14', '201706', 'KM', 469),
('c14', '201706', 'NUI', 5),
('c14', '201706', 'REP', 2),
('c14', '201707', 'ETP', 20),
('c14', '201707', 'KM', 700),
('c14', '201707', 'NUI', 18),
('c14', '201707', 'REP', 12),
('c14', '201708', 'ETP', 6),
('c14', '201708', 'KM', 880),
('c14', '201708', 'NUI', 16),
('c14', '201708', 'REP', 11),
('c14', '201709', 'ETP', 9),
('c14', '201709', 'KM', 549),
('c14', '201709', 'NUI', 5),
('c14', '201709', 'REP', 19),
('c14', '201710', 'ETP', 15),
('c14', '201710', 'KM', 300),
('c14', '201710', 'NUI', 5),
('c14', '201710', 'REP', 11),
('c14', '201711', 'ETP', 19),
('c14', '201711', 'KM', 372),
('c14', '201711', 'NUI', 5),
('c14', '201711', 'REP', 6),
('c14', '201712', 'ETP', 4),
('c14', '201712', 'KM', 656),
('c14', '201712', 'NUI', 6),
('c14', '201712', 'REP', 16),
('c14', '201801', 'ETP', 5),
('c14', '201801', 'KM', 693),
('c14', '201801', 'NUI', 15),
('c14', '201801', 'REP', 5),
('c14', '201802', 'ETP', 6),
('c14', '201802', 'KM', 372),
('c14', '201802', 'NUI', 14),
('c14', '201802', 'REP', 2),
('c14', '201803', 'ETP', 2),
('c14', '201803', 'KM', 636),
('c14', '201803', 'NUI', 11),
('c14', '201803', 'REP', 11),
('c14', '201804', 'ETP', 17),
('c14', '201804', 'KM', 674),
('c14', '201804', 'NUI', 5),
('c14', '201804', 'REP', 4),
('c14', '201805', 'ETP', 5),
('c14', '201805', 'KM', 727),
('c14', '201805', 'NUI', 6),
('c14', '201805', 'REP', 20),
('c14', '201806', 'ETP', 11),
('c14', '201806', 'KM', 685),
('c14', '201806', 'NUI', 13),
('c14', '201806', 'REP', 15),
('c14', '201807', 'ETP', 9),
('c14', '201807', 'KM', 790),
('c14', '201807', 'NUI', 16),
('c14', '201807', 'REP', 9),
('c14', '201808', 'ETP', 4),
('c14', '201808', 'KM', 932),
('c14', '201808', 'NUI', 14),
('c14', '201808', 'REP', 12),
('c14', '201809', 'ETP', 10),
('c14', '201809', 'KM', 651),
('c14', '201809', 'NUI', 16),
('c14', '201809', 'REP', 9),
('c3', '201701', 'ETP', 11),
('c3', '201701', 'KM', 538),
('c3', '201701', 'NUI', 2),
('c3', '201701', 'REP', 10),
('c3', '201702', 'ETP', 20),
('c3', '201702', 'KM', 835),
('c3', '201702', 'NUI', 20),
('c3', '201702', 'REP', 17),
('c3', '201703', 'ETP', 6),
('c3', '201703', 'KM', 731),
('c3', '201703', 'NUI', 12),
('c3', '201703', 'REP', 4),
('c3', '201704', 'ETP', 18),
('c3', '201704', 'KM', 466),
('c3', '201704', 'NUI', 5),
('c3', '201704', 'REP', 9),
('c3', '201705', 'ETP', 5),
('c3', '201705', 'KM', 633),
('c3', '201705', 'NUI', 19),
('c3', '201705', 'REP', 7),
('c3', '201706', 'ETP', 17),
('c3', '201706', 'KM', 770),
('c3', '201706', 'NUI', 5),
('c3', '201706', 'REP', 19),
('c3', '201707', 'ETP', 2),
('c3', '201707', 'KM', 770),
('c3', '201707', 'NUI', 19),
('c3', '201707', 'REP', 16),
('c3', '201708', 'ETP', 12),
('c3', '201708', 'KM', 872),
('c3', '201708', 'NUI', 13),
('c3', '201708', 'REP', 2),
('c3', '201709', 'ETP', 12),
('c3', '201709', 'KM', 968),
('c3', '201709', 'NUI', 7),
('c3', '201709', 'REP', 6),
('c3', '201710', 'ETP', 17),
('c3', '201710', 'KM', 596),
('c3', '201710', 'NUI', 8),
('c3', '201710', 'REP', 12),
('c3', '201711', 'ETP', 12),
('c3', '201711', 'KM', 349),
('c3', '201711', 'NUI', 16),
('c3', '201711', 'REP', 11),
('c3', '201712', 'ETP', 9),
('c3', '201712', 'KM', 468),
('c3', '201712', 'NUI', 2),
('c3', '201712', 'REP', 6),
('c3', '201801', 'ETP', 15),
('c3', '201801', 'KM', 843),
('c3', '201801', 'NUI', 3),
('c3', '201801', 'REP', 7),
('c3', '201802', 'ETP', 3),
('c3', '201802', 'KM', 312),
('c3', '201802', 'NUI', 10),
('c3', '201802', 'REP', 17),
('c3', '201803', 'ETP', 16),
('c3', '201803', 'KM', 871),
('c3', '201803', 'NUI', 3),
('c3', '201803', 'REP', 8),
('c3', '201804', 'ETP', 11),
('c3', '201804', 'KM', 655),
('c3', '201804', 'NUI', 9),
('c3', '201804', 'REP', 2),
('c3', '201805', 'ETP', 12),
('c3', '201805', 'KM', 959),
('c3', '201805', 'NUI', 9),
('c3', '201805', 'REP', 9),
('c3', '201806', 'ETP', 12),
('c3', '201806', 'KM', 620),
('c3', '201806', 'NUI', 12),
('c3', '201806', 'REP', 14),
('c3', '201807', 'ETP', 15),
('c3', '201807', 'KM', 932),
('c3', '201807', 'NUI', 17),
('c3', '201807', 'REP', 7),
('c3', '201808', 'ETP', 17),
('c3', '201808', 'KM', 733),
('c3', '201808', 'NUI', 15),
('c3', '201808', 'REP', 9),
('c3', '201809', 'ETP', 3),
('c3', '201809', 'KM', 615),
('c3', '201809', 'NUI', 4),
('c3', '201809', 'REP', 14),
('c54', '201701', 'ETP', 5),
('c54', '201701', 'KM', 818),
('c54', '201701', 'NUI', 13),
('c54', '201701', 'REP', 3),
('c54', '201702', 'ETP', 9),
('c54', '201702', 'KM', 533),
('c54', '201702', 'NUI', 3),
('c54', '201702', 'REP', 7),
('c54', '201703', 'ETP', 9),
('c54', '201703', 'KM', 701),
('c54', '201703', 'NUI', 2),
('c54', '201703', 'REP', 9),
('c54', '201704', 'ETP', 9),
('c54', '201704', 'KM', 512),
('c54', '201704', 'NUI', 9),
('c54', '201704', 'REP', 20),
('c54', '201705', 'ETP', 4),
('c54', '201705', 'KM', 907),
('c54', '201705', 'NUI', 14),
('c54', '201705', 'REP', 3),
('c54', '201706', 'ETP', 16),
('c54', '201706', 'KM', 375),
('c54', '201706', 'NUI', 17),
('c54', '201706', 'REP', 9),
('c54', '201707', 'ETP', 4),
('c54', '201707', 'KM', 560),
('c54', '201707', 'NUI', 7),
('c54', '201707', 'REP', 20),
('c54', '201708', 'ETP', 9),
('c54', '201708', 'KM', 650),
('c54', '201708', 'NUI', 3),
('c54', '201708', 'REP', 9),
('c54', '201709', 'ETP', 6),
('c54', '201709', 'KM', 886),
('c54', '201709', 'NUI', 14),
('c54', '201709', 'REP', 15),
('c54', '201710', 'ETP', 19),
('c54', '201710', 'KM', 458),
('c54', '201710', 'NUI', 20),
('c54', '201710', 'REP', 13),
('c54', '201711', 'ETP', 4),
('c54', '201711', 'KM', 309),
('c54', '201711', 'NUI', 11),
('c54', '201711', 'REP', 4),
('c54', '201712', 'ETP', 3),
('c54', '201712', 'KM', 328),
('c54', '201712', 'NUI', 6),
('c54', '201712', 'REP', 18),
('c54', '201801', 'ETP', 12),
('c54', '201801', 'KM', 756),
('c54', '201801', 'NUI', 13),
('c54', '201801', 'REP', 19),
('c54', '201802', 'ETP', 15),
('c54', '201802', 'KM', 783),
('c54', '201802', 'NUI', 13),
('c54', '201802', 'REP', 19),
('c54', '201803', 'ETP', 7),
('c54', '201803', 'KM', 649),
('c54', '201803', 'NUI', 15),
('c54', '201803', 'REP', 19),
('c54', '201804', 'ETP', 12),
('c54', '201804', 'KM', 947),
('c54', '201804', 'NUI', 18),
('c54', '201804', 'REP', 11),
('c54', '201805', 'ETP', 4),
('c54', '201805', 'KM', 516),
('c54', '201805', 'NUI', 12),
('c54', '201805', 'REP', 16),
('c54', '201806', 'ETP', 7),
('c54', '201806', 'KM', 647),
('c54', '201806', 'NUI', 16),
('c54', '201806', 'REP', 7),
('c54', '201807', 'ETP', 15),
('c54', '201807', 'KM', 880),
('c54', '201807', 'NUI', 19),
('c54', '201807', 'REP', 6),
('c54', '201808', 'ETP', 15),
('c54', '201808', 'KM', 406),
('c54', '201808', 'NUI', 20),
('c54', '201808', 'REP', 5),
('c54', '201809', 'ETP', 18),
('c54', '201809', 'KM', 867),
('c54', '201809', 'NUI', 10),
('c54', '201809', 'REP', 4),
('d13', '201701', 'ETP', 12),
('d13', '201701', 'KM', 752),
('d13', '201701', 'NUI', 8),
('d13', '201701', 'REP', 17),
('d13', '201702', 'ETP', 8),
('d13', '201702', 'KM', 301),
('d13', '201702', 'NUI', 2),
('d13', '201702', 'REP', 5),
('d13', '201703', 'ETP', 12),
('d13', '201703', 'KM', 807),
('d13', '201703', 'NUI', 12),
('d13', '201703', 'REP', 20),
('d13', '201704', 'ETP', 18),
('d13', '201704', 'KM', 408),
('d13', '201704', 'NUI', 8),
('d13', '201704', 'REP', 4),
('d13', '201705', 'ETP', 11),
('d13', '201705', 'KM', 397),
('d13', '201705', 'NUI', 9),
('d13', '201705', 'REP', 9),
('d13', '201706', 'ETP', 5),
('d13', '201706', 'KM', 313),
('d13', '201706', 'NUI', 4),
('d13', '201706', 'REP', 16),
('d13', '201707', 'ETP', 4),
('d13', '201707', 'KM', 748),
('d13', '201707', 'NUI', 13),
('d13', '201707', 'REP', 17),
('d13', '201708', 'ETP', 3),
('d13', '201708', 'KM', 541),
('d13', '201708', 'NUI', 5),
('d13', '201708', 'REP', 16),
('d13', '201709', 'ETP', 6),
('d13', '201709', 'KM', 984),
('d13', '201709', 'NUI', 19),
('d13', '201709', 'REP', 3),
('d13', '201710', 'ETP', 7),
('d13', '201710', 'KM', 916),
('d13', '201710', 'NUI', 6),
('d13', '201710', 'REP', 18),
('d13', '201711', 'ETP', 10),
('d13', '201711', 'KM', 930),
('d13', '201711', 'NUI', 4),
('d13', '201711', 'REP', 17),
('d13', '201712', 'ETP', 11),
('d13', '201712', 'KM', 564),
('d13', '201712', 'NUI', 2),
('d13', '201712', 'REP', 19),
('d13', '201801', 'ETP', 14),
('d13', '201801', 'KM', 410),
('d13', '201801', 'NUI', 19),
('d13', '201801', 'REP', 17),
('d13', '201802', 'ETP', 12),
('d13', '201802', 'KM', 709),
('d13', '201802', 'NUI', 7),
('d13', '201802', 'REP', 13),
('d13', '201803', 'ETP', 11),
('d13', '201803', 'KM', 651),
('d13', '201803', 'NUI', 3),
('d13', '201803', 'REP', 18),
('d13', '201804', 'ETP', 5),
('d13', '201804', 'KM', 477),
('d13', '201804', 'NUI', 17),
('d13', '201804', 'REP', 15),
('d13', '201805', 'ETP', 16),
('d13', '201805', 'KM', 778),
('d13', '201805', 'NUI', 9),
('d13', '201805', 'REP', 15),
('d13', '201806', 'ETP', 3),
('d13', '201806', 'KM', 393),
('d13', '201806', 'NUI', 7),
('d13', '201806', 'REP', 19),
('d13', '201807', 'ETP', 6),
('d13', '201807', 'KM', 614),
('d13', '201807', 'NUI', 12),
('d13', '201807', 'REP', 2),
('d13', '201808', 'ETP', 2),
('d13', '201808', 'KM', 982),
('d13', '201808', 'NUI', 12),
('d13', '201808', 'REP', 3),
('d13', '201809', 'ETP', 14),
('d13', '201809', 'KM', 686),
('d13', '201809', 'NUI', 7),
('d13', '201809', 'REP', 14),
('d51', '201701', 'ETP', 17),
('d51', '201701', 'KM', 668),
('d51', '201701', 'NUI', 7),
('d51', '201701', 'REP', 18),
('d51', '201702', 'ETP', 15),
('d51', '201702', 'KM', 818),
('d51', '201702', 'NUI', 10),
('d51', '201702', 'REP', 7),
('d51', '201703', 'ETP', 4),
('d51', '201703', 'KM', 676),
('d51', '201703', 'NUI', 7),
('d51', '201703', 'REP', 2),
('d51', '201704', 'ETP', 6),
('d51', '201704', 'KM', 835),
('d51', '201704', 'NUI', 15),
('d51', '201704', 'REP', 15),
('d51', '201705', 'ETP', 16),
('d51', '201705', 'KM', 833),
('d51', '201705', 'NUI', 6),
('d51', '201705', 'REP', 9),
('d51', '201706', 'ETP', 19),
('d51', '201706', 'KM', 561),
('d51', '201706', 'NUI', 17),
('d51', '201706', 'REP', 14),
('d51', '201707', 'ETP', 10),
('d51', '201707', 'KM', 962),
('d51', '201707', 'NUI', 20),
('d51', '201707', 'REP', 13),
('d51', '201708', 'ETP', 11),
('d51', '201708', 'KM', 524),
('d51', '201708', 'NUI', 13),
('d51', '201708', 'REP', 18),
('d51', '201709', 'ETP', 19),
('d51', '201709', 'KM', 889),
('d51', '201709', 'NUI', 5),
('d51', '201709', 'REP', 11),
('d51', '201710', 'ETP', 17),
('d51', '201710', 'KM', 546),
('d51', '201710', 'NUI', 15),
('d51', '201710', 'REP', 3),
('d51', '201711', 'ETP', 19),
('d51', '201711', 'KM', 437),
('d51', '201711', 'NUI', 13),
('d51', '201711', 'REP', 16),
('d51', '201712', 'ETP', 12),
('d51', '201712', 'KM', 453),
('d51', '201712', 'NUI', 19),
('d51', '201712', 'REP', 3),
('d51', '201801', 'ETP', 7),
('d51', '201801', 'KM', 835),
('d51', '201801', 'NUI', 3),
('d51', '201801', 'REP', 5),
('d51', '201802', 'ETP', 10),
('d51', '201802', 'KM', 772),
('d51', '201802', 'NUI', 2),
('d51', '201802', 'REP', 13),
('d51', '201803', 'ETP', 15),
('d51', '201803', 'KM', 504),
('d51', '201803', 'NUI', 6),
('d51', '201803', 'REP', 11),
('d51', '201804', 'ETP', 7),
('d51', '201804', 'KM', 624),
('d51', '201804', 'NUI', 15),
('d51', '201804', 'REP', 10),
('d51', '201805', 'ETP', 18),
('d51', '201805', 'KM', 672),
('d51', '201805', 'NUI', 19),
('d51', '201805', 'REP', 11),
('d51', '201806', 'ETP', 16),
('d51', '201806', 'KM', 537),
('d51', '201806', 'NUI', 17),
('d51', '201806', 'REP', 6),
('d51', '201807', 'ETP', 14),
('d51', '201807', 'KM', 461),
('d51', '201807', 'NUI', 18),
('d51', '201807', 'REP', 18),
('d51', '201808', 'ETP', 15),
('d51', '201808', 'KM', 335),
('d51', '201808', 'NUI', 2),
('d51', '201808', 'REP', 18),
('d51', '201809', 'ETP', 15),
('d51', '201809', 'KM', 399),
('d51', '201809', 'NUI', 16),
('d51', '201809', 'REP', 9),
('e22', '201701', 'ETP', 17),
('e22', '201701', 'KM', 544),
('e22', '201701', 'NUI', 3),
('e22', '201701', 'REP', 20),
('e22', '201702', 'ETP', 17),
('e22', '201702', 'KM', 309),
('e22', '201702', 'NUI', 9),
('e22', '201702', 'REP', 16),
('e22', '201703', 'ETP', 18),
('e22', '201703', 'KM', 988),
('e22', '201703', 'NUI', 16),
('e22', '201703', 'REP', 9),
('e22', '201704', 'ETP', 16),
('e22', '201704', 'KM', 718),
('e22', '201704', 'NUI', 12),
('e22', '201704', 'REP', 18),
('e22', '201705', 'ETP', 13),
('e22', '201705', 'KM', 791),
('e22', '201705', 'NUI', 17),
('e22', '201705', 'REP', 17),
('e22', '201706', 'ETP', 6),
('e22', '201706', 'KM', 748),
('e22', '201706', 'NUI', 20),
('e22', '201706', 'REP', 7),
('e22', '201707', 'ETP', 16),
('e22', '201707', 'KM', 479),
('e22', '201707', 'NUI', 20),
('e22', '201707', 'REP', 20),
('e22', '201708', 'ETP', 2),
('e22', '201708', 'KM', 927),
('e22', '201708', 'NUI', 8),
('e22', '201708', 'REP', 19),
('e22', '201709', 'ETP', 4),
('e22', '201709', 'KM', 578),
('e22', '201709', 'NUI', 2),
('e22', '201709', 'REP', 15),
('e22', '201710', 'ETP', 17),
('e22', '201710', 'KM', 377),
('e22', '201710', 'NUI', 10),
('e22', '201710', 'REP', 10),
('e22', '201711', 'ETP', 9),
('e22', '201711', 'KM', 913),
('e22', '201711', 'NUI', 14),
('e22', '201711', 'REP', 15),
('e22', '201712', 'ETP', 11),
('e22', '201712', 'KM', 325),
('e22', '201712', 'NUI', 3),
('e22', '201712', 'REP', 13),
('e22', '201801', 'ETP', 8),
('e22', '201801', 'KM', 607),
('e22', '201801', 'NUI', 14),
('e22', '201801', 'REP', 15),
('e22', '201802', 'ETP', 14),
('e22', '201802', 'KM', 597),
('e22', '201802', 'NUI', 19),
('e22', '201802', 'REP', 4),
('e22', '201803', 'ETP', 15),
('e22', '201803', 'KM', 887),
('e22', '201803', 'NUI', 17),
('e22', '201803', 'REP', 11),
('e22', '201804', 'ETP', 5),
('e22', '201804', 'KM', 315),
('e22', '201804', 'NUI', 16),
('e22', '201804', 'REP', 18),
('e22', '201805', 'ETP', 7),
('e22', '201805', 'KM', 876),
('e22', '201805', 'NUI', 17),
('e22', '201805', 'REP', 17),
('e22', '201806', 'ETP', 15),
('e22', '201806', 'KM', 707),
('e22', '201806', 'NUI', 8),
('e22', '201806', 'REP', 10),
('e22', '201807', 'ETP', 16),
('e22', '201807', 'KM', 400),
('e22', '201807', 'NUI', 10),
('e22', '201807', 'REP', 9),
('e22', '201808', 'ETP', 3),
('e22', '201808', 'KM', 897),
('e22', '201808', 'NUI', 10),
('e22', '201808', 'REP', 15),
('e22', '201809', 'ETP', 19),
('e22', '201809', 'KM', 686),
('e22', '201809', 'NUI', 9),
('e22', '201809', 'REP', 2),
('e24', '201701', 'ETP', 2),
('e24', '201701', 'KM', 708),
('e24', '201701', 'NUI', 16),
('e24', '201701', 'REP', 8),
('e24', '201702', 'ETP', 12),
('e24', '201702', 'KM', 856),
('e24', '201702', 'NUI', 11),
('e24', '201702', 'REP', 9),
('e24', '201703', 'ETP', 6),
('e24', '201703', 'KM', 668),
('e24', '201703', 'NUI', 3),
('e24', '201703', 'REP', 5),
('e24', '201704', 'ETP', 7),
('e24', '201704', 'KM', 736),
('e24', '201704', 'NUI', 11),
('e24', '201704', 'REP', 7),
('e24', '201705', 'ETP', 11),
('e24', '201705', 'KM', 600),
('e24', '201705', 'NUI', 4),
('e24', '201705', 'REP', 18),
('e24', '201706', 'ETP', 2),
('e24', '201706', 'KM', 851),
('e24', '201706', 'NUI', 3),
('e24', '201706', 'REP', 10),
('e24', '201707', 'ETP', 12),
('e24', '201707', 'KM', 329),
('e24', '201707', 'NUI', 15),
('e24', '201707', 'REP', 6),
('e24', '201708', 'ETP', 9),
('e24', '201708', 'KM', 326),
('e24', '201708', 'NUI', 2),
('e24', '201708', 'REP', 14),
('e24', '201709', 'ETP', 5),
('e24', '201709', 'KM', 382),
('e24', '201709', 'NUI', 11),
('e24', '201709', 'REP', 20),
('e24', '201710', 'ETP', 6),
('e24', '201710', 'KM', 387),
('e24', '201710', 'NUI', 3),
('e24', '201710', 'REP', 14),
('e24', '201711', 'ETP', 4),
('e24', '201711', 'KM', 582),
('e24', '201711', 'NUI', 7),
('e24', '201711', 'REP', 18),
('e24', '201712', 'ETP', 5),
('e24', '201712', 'KM', 858),
('e24', '201712', 'NUI', 2),
('e24', '201712', 'REP', 4),
('e24', '201801', 'ETP', 4),
('e24', '201801', 'KM', 755),
('e24', '201801', 'NUI', 17),
('e24', '201801', 'REP', 14),
('e24', '201802', 'ETP', 4),
('e24', '201802', 'KM', 864),
('e24', '201802', 'NUI', 13),
('e24', '201802', 'REP', 19),
('e24', '201803', 'ETP', 19),
('e24', '201803', 'KM', 726),
('e24', '201803', 'NUI', 17),
('e24', '201803', 'REP', 3),
('e24', '201804', 'ETP', 16),
('e24', '201804', 'KM', 931),
('e24', '201804', 'NUI', 11),
('e24', '201804', 'REP', 15),
('e24', '201805', 'ETP', 7),
('e24', '201805', 'KM', 318),
('e24', '201805', 'NUI', 3),
('e24', '201805', 'REP', 19),
('e24', '201806', 'ETP', 16),
('e24', '201806', 'KM', 882),
('e24', '201806', 'NUI', 12),
('e24', '201806', 'REP', 7),
('e24', '201807', 'ETP', 19),
('e24', '201807', 'KM', 760),
('e24', '201807', 'NUI', 8),
('e24', '201807', 'REP', 19),
('e24', '201808', 'ETP', 20),
('e24', '201808', 'KM', 543),
('e24', '201808', 'NUI', 10),
('e24', '201808', 'REP', 9),
('e24', '201809', 'ETP', 14),
('e24', '201809', 'KM', 473),
('e24', '201809', 'NUI', 8),
('e24', '201809', 'REP', 17),
('e39', '201701', 'ETP', 4),
('e39', '201701', 'KM', 439),
('e39', '201701', 'NUI', 20),
('e39', '201701', 'REP', 16),
('e39', '201702', 'ETP', 5),
('e39', '201702', 'KM', 684),
('e39', '201702', 'NUI', 18),
('e39', '201702', 'REP', 8),
('e39', '201703', 'ETP', 20),
('e39', '201703', 'KM', 396),
('e39', '201703', 'NUI', 18),
('e39', '201703', 'REP', 4),
('e39', '201704', 'ETP', 6),
('e39', '201704', 'KM', 517),
('e39', '201704', 'NUI', 12),
('e39', '201704', 'REP', 6),
('e39', '201705', 'ETP', 6),
('e39', '201705', 'KM', 939),
('e39', '201705', 'NUI', 19),
('e39', '201705', 'REP', 7),
('e39', '201706', 'ETP', 13),
('e39', '201706', 'KM', 499),
('e39', '201706', 'NUI', 7),
('e39', '201706', 'REP', 8),
('e39', '201707', 'ETP', 14),
('e39', '201707', 'KM', 490),
('e39', '201707', 'NUI', 16),
('e39', '201707', 'REP', 20),
('e39', '201708', 'ETP', 2),
('e39', '201708', 'KM', 453),
('e39', '201708', 'NUI', 16),
('e39', '201708', 'REP', 8),
('e39', '201709', 'ETP', 2),
('e39', '201709', 'KM', 978),
('e39', '201709', 'NUI', 7),
('e39', '201709', 'REP', 19),
('e39', '201710', 'ETP', 7),
('e39', '201710', 'KM', 905),
('e39', '201710', 'NUI', 15),
('e39', '201710', 'REP', 19),
('e39', '201711', 'ETP', 2),
('e39', '201711', 'KM', 825),
('e39', '201711', 'NUI', 4),
('e39', '201711', 'REP', 19),
('e39', '201712', 'ETP', 3),
('e39', '201712', 'KM', 980),
('e39', '201712', 'NUI', 19),
('e39', '201712', 'REP', 20),
('e39', '201801', 'ETP', 11),
('e39', '201801', 'KM', 557),
('e39', '201801', 'NUI', 3),
('e39', '201801', 'REP', 14),
('e39', '201802', 'ETP', 4),
('e39', '201802', 'KM', 501),
('e39', '201802', 'NUI', 4),
('e39', '201802', 'REP', 4),
('e39', '201803', 'ETP', 5),
('e39', '201803', 'KM', 700),
('e39', '201803', 'NUI', 20),
('e39', '201803', 'REP', 20),
('e39', '201804', 'ETP', 7),
('e39', '201804', 'KM', 696),
('e39', '201804', 'NUI', 3),
('e39', '201804', 'REP', 6),
('e39', '201805', 'ETP', 16),
('e39', '201805', 'KM', 378),
('e39', '201805', 'NUI', 9),
('e39', '201805', 'REP', 11),
('e39', '201806', 'ETP', 6),
('e39', '201806', 'KM', 688),
('e39', '201806', 'NUI', 11),
('e39', '201806', 'REP', 19),
('e39', '201807', 'ETP', 2),
('e39', '201807', 'KM', 816),
('e39', '201807', 'NUI', 6),
('e39', '201807', 'REP', 3),
('e39', '201808', 'ETP', 16),
('e39', '201808', 'KM', 302),
('e39', '201808', 'NUI', 4),
('e39', '201808', 'REP', 3),
('e39', '201809', 'ETP', 15),
('e39', '201809', 'KM', 439),
('e39', '201809', 'NUI', 5),
('e39', '201809', 'REP', 10),
('e49', '201701', 'ETP', 12),
('e49', '201701', 'KM', 766),
('e49', '201701', 'NUI', 17),
('e49', '201701', 'REP', 8),
('e49', '201702', 'ETP', 13),
('e49', '201702', 'KM', 472),
('e49', '201702', 'NUI', 2),
('e49', '201702', 'REP', 8),
('e49', '201703', 'ETP', 10),
('e49', '201703', 'KM', 501),
('e49', '201703', 'NUI', 6),
('e49', '201703', 'REP', 11),
('e49', '201704', 'ETP', 9),
('e49', '201704', 'KM', 741),
('e49', '201704', 'NUI', 10),
('e49', '201704', 'REP', 10),
('e49', '201705', 'ETP', 4),
('e49', '201705', 'KM', 734),
('e49', '201705', 'NUI', 4),
('e49', '201705', 'REP', 7),
('e49', '201706', 'ETP', 18),
('e49', '201706', 'KM', 369),
('e49', '201706', 'NUI', 6),
('e49', '201706', 'REP', 14),
('e49', '201707', 'ETP', 8),
('e49', '201707', 'KM', 589),
('e49', '201707', 'NUI', 6),
('e49', '201707', 'REP', 11),
('e49', '201708', 'ETP', 16),
('e49', '201708', 'KM', 583),
('e49', '201708', 'NUI', 4),
('e49', '201708', 'REP', 12),
('e49', '201709', 'ETP', 18),
('e49', '201709', 'KM', 593),
('e49', '201709', 'NUI', 9),
('e49', '201709', 'REP', 18),
('e49', '201710', 'ETP', 18),
('e49', '201710', 'KM', 507),
('e49', '201710', 'NUI', 19),
('e49', '201710', 'REP', 2),
('e49', '201711', 'ETP', 10),
('e49', '201711', 'KM', 568);
INSERT INTO `lignefraisforfait` (`idVisiteur`, `mois`, `idFraisForfait`, `quantite`) VALUES
('e49', '201711', 'NUI', 6),
('e49', '201711', 'REP', 4),
('e49', '201712', 'ETP', 18),
('e49', '201712', 'KM', 667),
('e49', '201712', 'NUI', 8),
('e49', '201712', 'REP', 16),
('e49', '201801', 'ETP', 18),
('e49', '201801', 'KM', 342),
('e49', '201801', 'NUI', 13),
('e49', '201801', 'REP', 3),
('e49', '201802', 'ETP', 13),
('e49', '201802', 'KM', 886),
('e49', '201802', 'NUI', 3),
('e49', '201802', 'REP', 12),
('e49', '201803', 'ETP', 17),
('e49', '201803', 'KM', 438),
('e49', '201803', 'NUI', 6),
('e49', '201803', 'REP', 8),
('e49', '201804', 'ETP', 15),
('e49', '201804', 'KM', 991),
('e49', '201804', 'NUI', 20),
('e49', '201804', 'REP', 3),
('e49', '201805', 'ETP', 2),
('e49', '201805', 'KM', 682),
('e49', '201805', 'NUI', 17),
('e49', '201805', 'REP', 17),
('e49', '201806', 'ETP', 2),
('e49', '201806', 'KM', 805),
('e49', '201806', 'NUI', 15),
('e49', '201806', 'REP', 4),
('e49', '201807', 'ETP', 8),
('e49', '201807', 'KM', 899),
('e49', '201807', 'NUI', 5),
('e49', '201807', 'REP', 5),
('e49', '201808', 'ETP', 6),
('e49', '201808', 'KM', 855),
('e49', '201808', 'NUI', 4),
('e49', '201808', 'REP', 11),
('e49', '201809', 'ETP', 10),
('e49', '201809', 'KM', 913),
('e49', '201809', 'NUI', 2),
('e49', '201809', 'REP', 5),
('e5', '201701', 'ETP', 5),
('e5', '201701', 'KM', 965),
('e5', '201701', 'NUI', 17),
('e5', '201701', 'REP', 18),
('e5', '201702', 'ETP', 4),
('e5', '201702', 'KM', 550),
('e5', '201702', 'NUI', 3),
('e5', '201702', 'REP', 12),
('e5', '201703', 'ETP', 11),
('e5', '201703', 'KM', 960),
('e5', '201703', 'NUI', 15),
('e5', '201703', 'REP', 20),
('e5', '201704', 'ETP', 3),
('e5', '201704', 'KM', 334),
('e5', '201704', 'NUI', 4),
('e5', '201704', 'REP', 4),
('e5', '201705', 'ETP', 2),
('e5', '201705', 'KM', 665),
('e5', '201705', 'NUI', 9),
('e5', '201705', 'REP', 13),
('e5', '201706', 'ETP', 4),
('e5', '201706', 'KM', 792),
('e5', '201706', 'NUI', 20),
('e5', '201706', 'REP', 12),
('e5', '201707', 'ETP', 11),
('e5', '201707', 'KM', 605),
('e5', '201707', 'NUI', 16),
('e5', '201707', 'REP', 12),
('e5', '201708', 'ETP', 19),
('e5', '201708', 'KM', 346),
('e5', '201708', 'NUI', 6),
('e5', '201708', 'REP', 14),
('e5', '201709', 'ETP', 14),
('e5', '201709', 'KM', 606),
('e5', '201709', 'NUI', 10),
('e5', '201709', 'REP', 11),
('e5', '201710', 'ETP', 8),
('e5', '201710', 'KM', 924),
('e5', '201710', 'NUI', 17),
('e5', '201710', 'REP', 5),
('e5', '201711', 'ETP', 5),
('e5', '201711', 'KM', 491),
('e5', '201711', 'NUI', 7),
('e5', '201711', 'REP', 6),
('e5', '201712', 'ETP', 2),
('e5', '201712', 'KM', 949),
('e5', '201712', 'NUI', 8),
('e5', '201712', 'REP', 17),
('e5', '201801', 'ETP', 20),
('e5', '201801', 'KM', 787),
('e5', '201801', 'NUI', 20),
('e5', '201801', 'REP', 11),
('e5', '201802', 'ETP', 16),
('e5', '201802', 'KM', 947),
('e5', '201802', 'NUI', 13),
('e5', '201802', 'REP', 8),
('e5', '201803', 'ETP', 13),
('e5', '201803', 'KM', 618),
('e5', '201803', 'NUI', 7),
('e5', '201803', 'REP', 2),
('e5', '201804', 'ETP', 7),
('e5', '201804', 'KM', 742),
('e5', '201804', 'NUI', 9),
('e5', '201804', 'REP', 12),
('e5', '201805', 'ETP', 20),
('e5', '201805', 'KM', 509),
('e5', '201805', 'NUI', 20),
('e5', '201805', 'REP', 12),
('e5', '201806', 'ETP', 9),
('e5', '201806', 'KM', 860),
('e5', '201806', 'NUI', 9),
('e5', '201806', 'REP', 4),
('e5', '201807', 'ETP', 16),
('e5', '201807', 'KM', 986),
('e5', '201807', 'NUI', 16),
('e5', '201807', 'REP', 18),
('e5', '201808', 'ETP', 17),
('e5', '201808', 'KM', 426),
('e5', '201808', 'NUI', 9),
('e5', '201808', 'REP', 18),
('e5', '201809', 'ETP', 15),
('e5', '201809', 'KM', 472),
('e5', '201809', 'NUI', 9),
('e5', '201809', 'REP', 15),
('e52', '201701', 'ETP', 7),
('e52', '201701', 'KM', 664),
('e52', '201701', 'NUI', 5),
('e52', '201701', 'REP', 11),
('e52', '201702', 'ETP', 13),
('e52', '201702', 'KM', 894),
('e52', '201702', 'NUI', 14),
('e52', '201702', 'REP', 17),
('e52', '201703', 'ETP', 12),
('e52', '201703', 'KM', 700),
('e52', '201703', 'NUI', 9),
('e52', '201703', 'REP', 16),
('e52', '201704', 'ETP', 5),
('e52', '201704', 'KM', 675),
('e52', '201704', 'NUI', 7),
('e52', '201704', 'REP', 20),
('e52', '201705', 'ETP', 8),
('e52', '201705', 'KM', 359),
('e52', '201705', 'NUI', 18),
('e52', '201705', 'REP', 10),
('e52', '201706', 'ETP', 5),
('e52', '201706', 'KM', 342),
('e52', '201706', 'NUI', 3),
('e52', '201706', 'REP', 18),
('e52', '201707', 'ETP', 11),
('e52', '201707', 'KM', 866),
('e52', '201707', 'NUI', 8),
('e52', '201707', 'REP', 7),
('e52', '201708', 'ETP', 9),
('e52', '201708', 'KM', 419),
('e52', '201708', 'NUI', 15),
('e52', '201708', 'REP', 8),
('e52', '201709', 'ETP', 14),
('e52', '201709', 'KM', 644),
('e52', '201709', 'NUI', 12),
('e52', '201709', 'REP', 2),
('e52', '201710', 'ETP', 11),
('e52', '201710', 'KM', 732),
('e52', '201710', 'NUI', 19),
('e52', '201710', 'REP', 2),
('e52', '201711', 'ETP', 14),
('e52', '201711', 'KM', 922),
('e52', '201711', 'NUI', 7),
('e52', '201711', 'REP', 9),
('e52', '201712', 'ETP', 7),
('e52', '201712', 'KM', 404),
('e52', '201712', 'NUI', 12),
('e52', '201712', 'REP', 16),
('e52', '201801', 'ETP', 5),
('e52', '201801', 'KM', 821),
('e52', '201801', 'NUI', 6),
('e52', '201801', 'REP', 5),
('e52', '201802', 'ETP', 11),
('e52', '201802', 'KM', 661),
('e52', '201802', 'NUI', 7),
('e52', '201802', 'REP', 7),
('e52', '201803', 'ETP', 2),
('e52', '201803', 'KM', 868),
('e52', '201803', 'NUI', 5),
('e52', '201803', 'REP', 4),
('e52', '201804', 'ETP', 19),
('e52', '201804', 'KM', 629),
('e52', '201804', 'NUI', 18),
('e52', '201804', 'REP', 7),
('e52', '201805', 'ETP', 19),
('e52', '201805', 'KM', 887),
('e52', '201805', 'NUI', 18),
('e52', '201805', 'REP', 19),
('e52', '201806', 'ETP', 6),
('e52', '201806', 'KM', 832),
('e52', '201806', 'NUI', 3),
('e52', '201806', 'REP', 13),
('e52', '201807', 'ETP', 13),
('e52', '201807', 'KM', 705),
('e52', '201807', 'NUI', 2),
('e52', '201807', 'REP', 9),
('e52', '201808', 'ETP', 6),
('e52', '201808', 'KM', 395),
('e52', '201808', 'NUI', 14),
('e52', '201808', 'REP', 19),
('e52', '201809', 'ETP', 18),
('e52', '201809', 'KM', 845),
('e52', '201809', 'NUI', 10),
('e52', '201809', 'REP', 7),
('f21', '201701', 'ETP', 15),
('f21', '201701', 'KM', 543),
('f21', '201701', 'NUI', 9),
('f21', '201701', 'REP', 2),
('f21', '201702', 'ETP', 10),
('f21', '201702', 'KM', 432),
('f21', '201702', 'NUI', 18),
('f21', '201702', 'REP', 7),
('f21', '201703', 'ETP', 8),
('f21', '201703', 'KM', 401),
('f21', '201703', 'NUI', 19),
('f21', '201703', 'REP', 14),
('f21', '201704', 'ETP', 3),
('f21', '201704', 'KM', 692),
('f21', '201704', 'NUI', 2),
('f21', '201704', 'REP', 5),
('f21', '201705', 'ETP', 18),
('f21', '201705', 'KM', 495),
('f21', '201705', 'NUI', 4),
('f21', '201705', 'REP', 12),
('f21', '201706', 'ETP', 11),
('f21', '201706', 'KM', 750),
('f21', '201706', 'NUI', 14),
('f21', '201706', 'REP', 16),
('f21', '201707', 'ETP', 3),
('f21', '201707', 'KM', 649),
('f21', '201707', 'NUI', 14),
('f21', '201707', 'REP', 10),
('f21', '201708', 'ETP', 10),
('f21', '201708', 'KM', 431),
('f21', '201708', 'NUI', 12),
('f21', '201708', 'REP', 15),
('f21', '201709', 'ETP', 16),
('f21', '201709', 'KM', 687),
('f21', '201709', 'NUI', 8),
('f21', '201709', 'REP', 5),
('f21', '201710', 'ETP', 16),
('f21', '201710', 'KM', 960),
('f21', '201710', 'NUI', 10),
('f21', '201710', 'REP', 18),
('f21', '201711', 'ETP', 13),
('f21', '201711', 'KM', 436),
('f21', '201711', 'NUI', 18),
('f21', '201711', 'REP', 9),
('f21', '201712', 'ETP', 3),
('f21', '201712', 'KM', 760),
('f21', '201712', 'NUI', 3),
('f21', '201712', 'REP', 18),
('f21', '201801', 'ETP', 9),
('f21', '201801', 'KM', 420),
('f21', '201801', 'NUI', 2),
('f21', '201801', 'REP', 18),
('f21', '201802', 'ETP', 6),
('f21', '201802', 'KM', 358),
('f21', '201802', 'NUI', 5),
('f21', '201802', 'REP', 11),
('f21', '201803', 'ETP', 17),
('f21', '201803', 'KM', 464),
('f21', '201803', 'NUI', 12),
('f21', '201803', 'REP', 9),
('f21', '201804', 'ETP', 19),
('f21', '201804', 'KM', 980),
('f21', '201804', 'NUI', 12),
('f21', '201804', 'REP', 12),
('f21', '201805', 'ETP', 15),
('f21', '201805', 'KM', 394),
('f21', '201805', 'NUI', 5),
('f21', '201805', 'REP', 14),
('f21', '201806', 'ETP', 19),
('f21', '201806', 'KM', 348),
('f21', '201806', 'NUI', 18),
('f21', '201806', 'REP', 16),
('f21', '201807', 'ETP', 16),
('f21', '201807', 'KM', 734),
('f21', '201807', 'NUI', 14),
('f21', '201807', 'REP', 11),
('f21', '201808', 'ETP', 20),
('f21', '201808', 'KM', 390),
('f21', '201808', 'NUI', 20),
('f21', '201808', 'REP', 18),
('f21', '201809', 'ETP', 16),
('f21', '201809', 'KM', 608),
('f21', '201809', 'NUI', 16),
('f21', '201809', 'REP', 12),
('f39', '201701', 'ETP', 17),
('f39', '201701', 'KM', 930),
('f39', '201701', 'NUI', 12),
('f39', '201701', 'REP', 14),
('f39', '201702', 'ETP', 9),
('f39', '201702', 'KM', 543),
('f39', '201702', 'NUI', 7),
('f39', '201702', 'REP', 14),
('f39', '201703', 'ETP', 6),
('f39', '201703', 'KM', 391),
('f39', '201703', 'NUI', 9),
('f39', '201703', 'REP', 16),
('f39', '201704', 'ETP', 11),
('f39', '201704', 'KM', 363),
('f39', '201704', 'NUI', 18),
('f39', '201704', 'REP', 12),
('f39', '201705', 'ETP', 20),
('f39', '201705', 'KM', 701),
('f39', '201705', 'NUI', 5),
('f39', '201705', 'REP', 3),
('f39', '201706', 'ETP', 16),
('f39', '201706', 'KM', 594),
('f39', '201706', 'NUI', 8),
('f39', '201706', 'REP', 20),
('f39', '201707', 'ETP', 15),
('f39', '201707', 'KM', 983),
('f39', '201707', 'NUI', 16),
('f39', '201707', 'REP', 7),
('f39', '201708', 'ETP', 20),
('f39', '201708', 'KM', 359),
('f39', '201708', 'NUI', 10),
('f39', '201708', 'REP', 14),
('f39', '201709', 'ETP', 7),
('f39', '201709', 'KM', 362),
('f39', '201709', 'NUI', 17),
('f39', '201709', 'REP', 4),
('f39', '201710', 'ETP', 18),
('f39', '201710', 'KM', 885),
('f39', '201710', 'NUI', 18),
('f39', '201710', 'REP', 8),
('f39', '201711', 'ETP', 10),
('f39', '201711', 'KM', 765),
('f39', '201711', 'NUI', 4),
('f39', '201711', 'REP', 9),
('f39', '201712', 'ETP', 5),
('f39', '201712', 'KM', 595),
('f39', '201712', 'NUI', 10),
('f39', '201712', 'REP', 17),
('f39', '201801', 'ETP', 18),
('f39', '201801', 'KM', 615),
('f39', '201801', 'NUI', 9),
('f39', '201801', 'REP', 16),
('f39', '201802', 'ETP', 15),
('f39', '201802', 'KM', 716),
('f39', '201802', 'NUI', 19),
('f39', '201802', 'REP', 17),
('f39', '201803', 'ETP', 9),
('f39', '201803', 'KM', 438),
('f39', '201803', 'NUI', 10),
('f39', '201803', 'REP', 3),
('f39', '201804', 'ETP', 4),
('f39', '201804', 'KM', 372),
('f39', '201804', 'NUI', 20),
('f39', '201804', 'REP', 3),
('f39', '201805', 'ETP', 14),
('f39', '201805', 'KM', 759),
('f39', '201805', 'NUI', 20),
('f39', '201805', 'REP', 2),
('f39', '201806', 'ETP', 6),
('f39', '201806', 'KM', 788),
('f39', '201806', 'NUI', 9),
('f39', '201806', 'REP', 9),
('f39', '201807', 'ETP', 11),
('f39', '201807', 'KM', 702),
('f39', '201807', 'NUI', 15),
('f39', '201807', 'REP', 8),
('f39', '201808', 'ETP', 16),
('f39', '201808', 'KM', 389),
('f39', '201808', 'NUI', 19),
('f39', '201808', 'REP', 10),
('f39', '201809', 'ETP', 14),
('f39', '201809', 'KM', 792),
('f39', '201809', 'NUI', 10),
('f39', '201809', 'REP', 17),
('f4', '201701', 'ETP', 11),
('f4', '201701', 'KM', 400),
('f4', '201701', 'NUI', 8),
('f4', '201701', 'REP', 2),
('f4', '201702', 'ETP', 18),
('f4', '201702', 'KM', 856),
('f4', '201702', 'NUI', 20),
('f4', '201702', 'REP', 6),
('f4', '201703', 'ETP', 4),
('f4', '201703', 'KM', 647),
('f4', '201703', 'NUI', 8),
('f4', '201703', 'REP', 19),
('f4', '201704', 'ETP', 19),
('f4', '201704', 'KM', 717),
('f4', '201704', 'NUI', 20),
('f4', '201704', 'REP', 6),
('f4', '201705', 'ETP', 10),
('f4', '201705', 'KM', 955),
('f4', '201705', 'NUI', 16),
('f4', '201705', 'REP', 17),
('f4', '201706', 'ETP', 10),
('f4', '201706', 'KM', 901),
('f4', '201706', 'NUI', 5),
('f4', '201706', 'REP', 14),
('f4', '201707', 'ETP', 5),
('f4', '201707', 'KM', 446),
('f4', '201707', 'NUI', 6),
('f4', '201707', 'REP', 10),
('f4', '201708', 'ETP', 8),
('f4', '201708', 'KM', 532),
('f4', '201708', 'NUI', 9),
('f4', '201708', 'REP', 6),
('f4', '201709', 'ETP', 4),
('f4', '201709', 'KM', 348),
('f4', '201709', 'NUI', 13),
('f4', '201709', 'REP', 14),
('f4', '201710', 'ETP', 7),
('f4', '201710', 'KM', 836),
('f4', '201710', 'NUI', 9),
('f4', '201710', 'REP', 16),
('f4', '201711', 'ETP', 20),
('f4', '201711', 'KM', 485),
('f4', '201711', 'NUI', 13),
('f4', '201711', 'REP', 4),
('f4', '201712', 'ETP', 2),
('f4', '201712', 'KM', 938),
('f4', '201712', 'NUI', 17),
('f4', '201712', 'REP', 18),
('f4', '201801', 'ETP', 12),
('f4', '201801', 'KM', 683),
('f4', '201801', 'NUI', 20),
('f4', '201801', 'REP', 13),
('f4', '201802', 'ETP', 7),
('f4', '201802', 'KM', 662),
('f4', '201802', 'NUI', 12),
('f4', '201802', 'REP', 9),
('f4', '201803', 'ETP', 11),
('f4', '201803', 'KM', 766),
('f4', '201803', 'NUI', 10),
('f4', '201803', 'REP', 18),
('f4', '201804', 'ETP', 18),
('f4', '201804', 'KM', 534),
('f4', '201804', 'NUI', 6),
('f4', '201804', 'REP', 3),
('f4', '201805', 'ETP', 14),
('f4', '201805', 'KM', 558),
('f4', '201805', 'NUI', 17),
('f4', '201805', 'REP', 14),
('f4', '201806', 'ETP', 12),
('f4', '201806', 'KM', 378),
('f4', '201806', 'NUI', 14),
('f4', '201806', 'REP', 14),
('f4', '201807', 'ETP', 16),
('f4', '201807', 'KM', 586),
('f4', '201807', 'NUI', 16),
('f4', '201807', 'REP', 15),
('f4', '201808', 'ETP', 20),
('f4', '201808', 'KM', 721),
('f4', '201808', 'NUI', 13),
('f4', '201808', 'REP', 18),
('f4', '201809', 'ETP', 11),
('f4', '201809', 'KM', 674),
('f4', '201809', 'NUI', 3),
('f4', '201809', 'REP', 16);

-- --------------------------------------------------------

--
-- Table structure for table `lignefraisforfaitarchive`
--

CREATE TABLE `lignefraisforfaitarchive` (
  `quantite` int(11) DEFAULT NULL,
  `mois` char(6) NOT NULL,
  `idVisiteur` char(6) NOT NULL,
  `idFraisForfait` char(3) NOT NULL
) ENGINE=InnoDB DEFAULT CHARSET=utf8;

-- --------------------------------------------------------

--
-- Table structure for table `visiteur`
--

CREATE TABLE `visiteur` (
  `id` char(4) NOT NULL,
  `nom` char(30) DEFAULT NULL,
  `prenom` char(30) DEFAULT NULL,
  `login` char(20) DEFAULT NULL,
  `mdp` char(20) DEFAULT NULL,
  `adresse` char(30) DEFAULT NULL,
  `cp` char(5) DEFAULT NULL,
  `ville` char(30) DEFAULT NULL,
  `dateEmbauche` date DEFAULT NULL
) ENGINE=InnoDB DEFAULT CHARSET=latin1;

--
-- Dumping data for table `visiteur`
--

INSERT INTO `visiteur` (`id`, `nom`, `prenom`, `login`, `mdp`, `adresse`, `cp`, `ville`, `dateEmbauche`) VALUES
('a131', 'Villechalane', 'Louis', 'lvillachane', 'jux7g', '8 rue des Charmes', '46000', 'Cahors', '2005-12-21'),
('a17', 'Andre', 'David', 'dandre', 'oppg5', '1 rue Petit', '46200', 'Lalbenque', '1998-11-23'),
('a55', 'Bedos', 'Christian', 'cbedos', 'gmhxd', '1 rue Peranud', '46250', 'Montcuq', '1995-01-12'),
('a93', 'Tusseau', 'Louis', 'ltusseau', 'ktp3s', '22 rue des Ternes', '46123', 'Gramat', '2000-05-01'),
('b13', 'Bentot', 'Pascal', 'pbentot', 'doyw1', '11 allée des Cerises', '46512', 'Bessines', '1992-07-09'),
('b16', 'Bioret', 'Luc', 'lbioret', 'hrjfs', '1 Avenue gambetta', '46000', 'Cahors', '1998-05-11'),
('b19', 'Bunisset', 'Francis', 'fbunisset', '4vbnd', '10 rue des Perles', '93100', 'Montreuil', '1987-10-21'),
('b25', 'Bunisset', 'Denise', 'dbunisset', 's1y1r', '23 rue Manin', '75019', 'paris', '2010-12-05'),
('b28', 'Cacheux', 'Bernard', 'bcacheux', 'uf7r3', '114 rue Blanche', '75017', 'Paris', '2009-11-12'),
('b34', 'Cadic', 'Eric', 'ecadic', '6u8dc', '123 avenue de la République', '75011', 'Paris', '2008-09-23'),
('b4', 'Charoze', 'Catherine', 'ccharoze', 'u817o', '100 rue Petit', '75019', 'Paris', '2005-11-12'),
('b50', 'Clepkens', 'Christophe', 'cclepkens', 'bw1us', '12 allée des Anges', '93230', 'Romainville', '2003-08-11'),
('b59', 'Cottin', 'Vincenne', 'vcottin', '2hoh9', '36 rue Des Roches', '93100', 'Monteuil', '2001-11-18'),
('c14', 'Daburon', 'François', 'fdaburon', '7oqpv', '13 rue de Chanzy', '94000', 'Créteil', '2002-02-11'),
('c3', 'De', 'Philippe', 'pde', 'gk9kx', '13 rue Barthes', '94000', 'Créteil', '2010-12-14'),
('c54', 'Debelle', 'Michel', 'mdebelle', 'od5rt', '181 avenue Barbusse', '93210', 'Rosny', '2006-11-23'),
('d13', 'Debelle', 'Jeanne', 'jdebelle', 'nvwqq', '134 allée des Joncs', '44000', 'Nantes', '2000-05-11'),
('d51', 'Debroise', 'Michel', 'mdebroise', 'sghkb', '2 Bld Jourdain', '44000', 'Nantes', '2001-04-17'),
('e22', 'Desmarquest', 'Nathalie', 'ndesmarquest', 'f1fob', '14 Place d Arc', '45000', 'Orléans', '2005-11-12'),
('e24', 'Desnost', 'Pierre', 'pdesnost', '4k2o5', '16 avenue des Cèdres', '23200', 'Guéret', '2001-02-05'),
('e39', 'Dudouit', 'Frédéric', 'fdudouit', '44im8', '18 rue de l église', '23120', 'GrandBourg', '2000-08-01'),
('e49', 'Duncombe', 'Claude', 'cduncombe', 'qf77j', '19 rue de la tour', '23100', 'La souteraine', '1987-10-10'),
('e5', 'Enault-Pascreau', 'Céline', 'cenault', 'y2qdu', '25 place de la gare', '23200', 'Gueret', '1995-09-01'),
('e52', 'Eynde', 'Valérie', 'veynde', 'i7sn3', '3 Grand Place', '13015', 'Marseille', '1999-11-01'),
('f21', 'Finck', 'Jacques', 'jfinck', 'mpb3t', '10 avenue du Prado', '13002', 'Marseille', '2001-11-10'),
('f39', 'Frémont', 'Fernande', 'ffremont', 'xs5tq', '4 route de la mer', '13012', 'Allauh', '1998-10-01'),
('f4', 'Gest', 'Alain', 'agest', 'dywvt', '30 avenue de la mer', '13025', 'Berre', '1985-11-01');

-- --------------------------------------------------------

--
-- Table structure for table `visiteurarchive`
--

CREATE TABLE `visiteurarchive` (
  `id` char(255) NOT NULL,
  `nom` char(255) NOT NULL,
  `prenom` char(255) NOT NULL,
  `adresse` char(255) NOT NULL,
  `cp` char(255) NOT NULL,
  `ville` char(255) NOT NULL,
  `login` char(255) NOT NULL,
  `mdp` char(255) NOT NULL,
  `dateEmbauche` date NOT NULL
) ENGINE=InnoDB DEFAULT CHARSET=utf8;

--
-- Indexes for dumped tables
--

--
-- Indexes for table `comptable`
--
ALTER TABLE `comptable`
  ADD PRIMARY KEY (`id`);

--
-- Indexes for table `etat`
--
ALTER TABLE `etat`
  ADD PRIMARY KEY (`id`);

--
-- Indexes for table `fichefrais`
--
ALTER TABLE `fichefrais`
  ADD PRIMARY KEY (`idVisiteur`,`mois`),
  ADD KEY `idEtat` (`idEtat`);

--
-- Indexes for table `fichefraisarchive`
--
ALTER TABLE `fichefraisarchive`
  ADD PRIMARY KEY (`idVisiteur`,`mois`,`montantValide`);

--
-- Indexes for table `fraisforfait`
--
ALTER TABLE `fraisforfait`
  ADD PRIMARY KEY (`id`);

--
-- Indexes for table `lignefraisforfait`
--
ALTER TABLE `lignefraisforfait`
  ADD PRIMARY KEY (`idVisiteur`,`mois`,`idFraisForfait`),
  ADD KEY `idFraisForfait` (`idFraisForfait`);

--
-- Indexes for table `lignefraisforfaitarchive`
--
ALTER TABLE `lignefraisforfaitarchive`
  ADD PRIMARY KEY (`mois`,`idVisiteur`,`idFraisForfait`);

--
-- Indexes for table `visiteur`
--
ALTER TABLE `visiteur`
  ADD PRIMARY KEY (`id`);

--
-- Indexes for table `visiteurarchive`
--
ALTER TABLE `visiteurarchive`
  ADD PRIMARY KEY (`id`);

--
-- AUTO_INCREMENT for dumped tables
--

--
-- AUTO_INCREMENT for table `comptable`
--
ALTER TABLE `comptable`
  MODIFY `id` int(11) NOT NULL AUTO_INCREMENT, AUTO_INCREMENT=4;

--
-- Constraints for dumped tables
--

--
-- Constraints for table `fichefrais`
--
ALTER TABLE `fichefrais`
  ADD CONSTRAINT `fichefrais_ibfk_1` FOREIGN KEY (`idEtat`) REFERENCES `etat` (`id`),
  ADD CONSTRAINT `fichefrais_ibfk_2` FOREIGN KEY (`idVisiteur`) REFERENCES `visiteur` (`id`);

--
-- Constraints for table `lignefraisforfait`
--
ALTER TABLE `lignefraisforfait`
  ADD CONSTRAINT `lignefraisforfait_ibfk_1` FOREIGN KEY (`idVisiteur`,`mois`) REFERENCES `fichefrais` (`idVisiteur`, `mois`),
  ADD CONSTRAINT `lignefraisforfait_ibfk_2` FOREIGN KEY (`idFraisForfait`) REFERENCES `fraisforfait` (`id`);
COMMIT;

/*!40101 SET CHARACTER_SET_CLIENT=@OLD_CHARACTER_SET_CLIENT */;
/*!40101 SET CHARACTER_SET_RESULTS=@OLD_CHARACTER_SET_RESULTS */;
/*!40101 SET COLLATION_CONNECTION=@OLD_COLLATION_CONNECTION */;
